sample,horizon_m,n_months,windows,withheld,mean_err_fwd_bp,sd_err_fwd_bp,rmse_fwd_bp,nw_se_fwd_bp,ci95_lo_fwd_bp,ci95_hi_fwd_bp,boot_ci95_lo_fwd_bp,boot_ci95_hi_fwd_bp,mean_err_rw_bp,sd_err_rw_bp,rmse_rw_bp,nw_se_rw_bp,ci95_lo_rw_bp,ci95_hi_rw_bp,mean_abs_realised_change_bp,mean_err_fwd_share_of_change_pct,mean_err_rw_share_of_change_pct,rmse_ratio_fwd_to_rw,dm_stat,dm_p_value,hit_rate_fwd_pct,hit_base_rate_pct,n_direction_obs,n_direction_excluded
full sample,3,262,87,False,4.0374,34.3156,34.4872,3.7064,-3.227,11.3019,-1.8437,11.4949,-0.3662,37.6404,37.5702,4.2306,-8.6581,7.9257,20.9006,19.3174,-1.7519,0.9179,-0.8394,0.4013,66.2983,53.0387,181.0,81.0
full sample,6,258,43,False,6.5377,59.7583,59.9996,8.4218,-9.9691,23.0445,-8.2445,24.4616,-0.4209,66.7768,66.6485,9.9003,-19.8255,18.9837,37.7794,17.3049,-1.1141,0.9002,-1.0291,0.3034,65.534,50.4854,206.0,52.0
full sample,12,252,21,False,13.1592,102.3373,102.9783,20.5498,-27.1184,53.4368,-26.8735,55.9684,-0.3288,113.4413,113.2164,22.4467,-44.3243,43.6667,67.7834,19.4136,-0.4851,0.9096,-1.011,0.312,66.9811,50.9434,212.0,40.0
full sample,24,240,10,True,,,,,,,,,,,,,,,,,,,,,,,,
pre-lower-bound,3,94,31,False,19.4846,48.5497,52.0735,8.7393,2.3555,36.6137,5.9518,36.73,6.6302,47.107,47.3225,8.5846,-10.1955,23.456,26.9258,72.364,24.624,1.1004,1.1468,0.2515,61.7647,57.3529,68.0,26.0
pre-lower-bound,6,94,15,False,37.7487,77.8448,86.1412,17.1264,4.1808,71.3165,10.3996,74.1647,13.087,78.789,79.454,18.4567,-23.0881,49.2621,48.0566,78.5504,27.2326,1.0842,1.4772,0.1396,55.8442,54.5455,77.0,17.0
pre-lower-bound,12,94,7,True,,,,,,,,,,,,,,,,,,,,,,,,
pre-lower-bound,24,94,3,True,,,,,,,,,,,,,,,,,,,,,,,,
zero rates and asset purchases,3,120,40,False,-1.4269,11.614,11.6532,1.5912,-4.5458,1.6919,-3.8801,1.6522,-0.3907,15.5984,15.5381,2.08,-4.4675,3.6861,9.4198,-15.1484,-4.1482,0.75,-1.1297,0.2586,60.274,56.1644,73.0,47.0
zero rates and asset purchases,6,120,20,False,-4.4902,26.5314,26.7995,5.0585,-14.405,5.4245,-10.5425,4.8642,-3.851,35.8031,35.861,6.6007,-16.7883,9.0863,17.413,-25.7867,-22.1157,0.7473,-1.1503,0.25,66.6667,56.3218,87.0,33.0
zero rates and asset purchases,12,120,10,True,,,,,,,,,,,,,,,,,,,,,,,,
zero rates and asset purchases,24,120,5,True,,,,,,,,,,,,,,,,,,,,,,,,
hiking and after,3,48,16,False,-12.5523,26.4421,29.0204,5.3852,-23.1073,-1.9973,-20.6414,-2.1563,-14.006,50.7236,52.11,13.5624,-40.5883,12.5763,37.8033,-33.2043,-37.0497,0.5569,-1.8918,0.0585,85.0,62.5,40.0,8.0
hiking and after,6,44,7,True,,,,,,,,,,,,,,,,,,,,,,,,
hiking and after,12,38,3,True,,,,,,,,,,,,,,,,,,,,,,,,
hiking and after,24,26,1,True,,,,,,,,,,,,,,,,,,,,,,,,
