KEY,FREQ,REF_AREA,CURRENCY,PROVIDER_FM,INSTRUMENT_FM,PROVIDER_FM_ID,DATA_TYPE_FM,TIME_PERIOD,OBS_VALUE
FM.D.U2.EUR.4F.KR.MRR_FR.LEV,D,U2,EUR,4F,KR,MRR_FR,LEV,2026-08-01,2.4
FM.D.U2.EUR.4F.KR.MRR_FR.LEV,D,U2,EUR,4F,KR,MRR_FR,LEV,2026-08-02,2.4
FM.D.U2.EUR.4F.KR.MRR_FR.LEV,D,U2,EUR,4F,KR,MRR_FR,LEV,2026-08-03,2.4
FM.D.U2.EUR.4F.KR.MRR_FR.LEV,D,U2,EUR,4F,KR,MRR_FR,LEV,2026-08-04,2.4
FM.D.U2.EUR.4F.KR.MRR_FR.LEV,D,U2,EUR,4F,KR,MRR_FR,LEV,2026-08-05,2.4
FM.D.U2.EUR.4F.KR.MRR_FR.LEV,D,U2,EUR,4F,KR,MRR_FR,LEV,2026-08-06,2.4
FM.D.U2.EUR.4F.KR.MRR_FR.LEV,D,U2,EUR,4F,KR,MRR_FR,LEV,2026-08-07,2.4
FM.D.U2.EUR.4F.KR.MRR_FR.LEV,D,U2,EUR,4F,KR,MRR_FR,LEV,2026-08-08,2.4
FM.D.U2.EUR.4F.KR.MRR_FR.LEV,D,U2,EUR,4F,KR,MRR_FR,LEV,2026-08-09,2.4
FM.D.U2.EUR.4F.KR.MRR_FR.LEV,D,U2,EUR,4F,KR,MRR_FR,LEV,2026-08-10,2.4
FM.D.U2.EUR.4F.KR.MRR_FR.LEV,D,U2,EUR,4F,KR,MRR_FR,LEV,2026-08-11,2.4
FM.D.U2.EUR.4F.KR.MRR_FR.LEV,D,U2,EUR,4F,KR,MRR_FR,LEV,2026-08-12,2.4
FM.D.U2.EUR.4F.KR.MRR_FR.LEV,D,U2,EUR,4F,KR,MRR_FR,LEV,2026-08-13,2.4
FM.D.U2.EUR.4F.KR.MRR_FR.LEV,D,U2,EUR,4F,KR,MRR_FR,LEV,2026-08-14,2.4
FM.D.U2.EUR.4F.KR.MRR_FR.LEV,D,U2,EUR,4F,KR,MRR_FR,LEV,2026-08-15,2.4
FM.D.U2.EUR.4F.KR.MRR_FR.LEV,D,U2,EUR,4F,KR,MRR_FR,LEV,2026-08-16,2.4
FM.D.U2.EUR.4F.KR.MRR_FR.LEV,D,U2,EUR,4F,KR,MRR_FR,LEV,2026-08-17,2.4
FM.D.U2.EUR.4F.KR.MRR_FR.LEV,D,U2,EUR,4F,KR,MRR_FR,LEV,2026-08-18,2.4
FM.D.U2.EUR.4F.KR.MRR_FR.LEV,D,U2,EUR,4F,KR,MRR_FR,LEV,2026-08-19,2.4
FM.D.U2.EUR.4F.KR.MRR_FR.LEV,D,U2,EUR,4F,KR,MRR_FR,LEV,2026-08-20,2.4
FM.D.U2.EUR.4F.KR.MRR_FR.LEV,D,U2,EUR,4F,KR,MRR_FR,LEV,2026-08-21,2.4
FM.D.U2.EUR.4F.KR.MRR_FR.LEV,D,U2,EUR,4F,KR,MRR_FR,LEV,2026-08-22,2.4
FM.D.U2.EUR.4F.KR.MRR_FR.LEV,D,U2,EUR,4F,KR,MRR_FR,LEV,2026-08-23,2.4
FM.D.U2.EUR.4F.KR.MRR_FR.LEV,D,U2,EUR,4F,KR,MRR_FR,LEV,2026-08-24,2.4
FM.D.U2.EUR.4F.KR.MRR_FR.LEV,D,U2,EUR,4F,KR,MRR_FR,LEV,2026-08-25,2.4
FM.D.U2.EUR.4F.KR.MRR_FR.LEV,D,U2,EUR,4F,KR,MRR_FR,LEV,2026-08-26,2.4
FM.D.U2.EUR.4F.KR.MRR_FR.LEV,D,U2,EUR,4F,KR,MRR_FR,LEV,2026-08-27,2.4
FM.D.U2.EUR.4F.KR.MRR_FR.LEV,D,U2,EUR,4F,KR,MRR_FR,LEV,2026-08-28,2.4
FM.D.U2.EUR.4F.KR.MRR_FR.LEV,D,U2,EUR,4F,KR,MRR_FR,LEV,2026-08-29,2.4
FM.D.U2.EUR.4F.KR.MRR_FR.LEV,D,U2,EUR,4F,KR,MRR_FR,LEV,2026-08-30,2.4
FM.D.U2.EUR.4F.KR.MRR_FR.LEV,D,U2,EUR,4F,KR,MRR_FR,LEV,2026-08-31,2.4
FM.D.U2.EUR.4F.KR.MRR_FR.LEV,D,U2,EUR,4F,KR,MRR_FR,LEV,2026-09-01,2.4
FM.D.U2.EUR.4F.KR.MRR_FR.LEV,D,U2,EUR,4F,KR,MRR_FR,LEV,2026-09-02,2.4
FM.D.U2.EUR.4F.KR.MRR_FR.LEV,D,U2,EUR,4F,KR,MRR_FR,LEV,2026-09-03,2.4
FM.D.U2.EUR.4F.KR.MRR_FR.LEV,D,U2,EUR,4F,KR,MRR_FR,LEV,2026-09-04,2.4
FM.D.U2.EUR.4F.KR.MRR_FR.LEV,D,U2,EUR,4F,KR,MRR_FR,LEV,2026-09-05,2.4
FM.D.U2.EUR.4F.KR.MRR_FR.LEV,D,U2,EUR,4F,KR,MRR_FR,LEV,2026-09-06,2.4
FM.D.U2.EUR.4F.KR.MRR_FR.LEV,D,U2,EUR,4F,KR,MRR_FR,LEV,2026-09-07,2.4
FM.D.U2.EUR.4F.KR.MRR_FR.LEV,D,U2,EUR,4F,KR,MRR_FR,LEV,2026-09-08,2.4
FM.D.U2.EUR.4F.KR.MRR_FR.LEV,D,U2,EUR,4F,KR,MRR_FR,LEV,2026-09-09,2.4
FM.D.U2.EUR.4F.KR.MRR_FR.LEV,D,U2,EUR,4F,KR,MRR_FR,LEV,2026-09-10,2.4
FM.D.U2.EUR.4F.KR.MRR_FR.LEV,D,U2,EUR,4F,KR,MRR_FR,LEV,2026-09-11,2.4
FM.D.U2.EUR.4F.KR.MRR_FR.LEV,D,U2,EUR,4F,KR,MRR_FR,LEV,2026-09-12,2.4
FM.D.U2.EUR.4F.KR.MRR_FR.LEV,D,U2,EUR,4F,KR,MRR_FR,LEV,2026-09-13,2.4
FM.D.U2.EUR.4F.KR.MRR_FR.LEV,D,U2,EUR,4F,KR,MRR_FR,LEV,2026-09-14,2.4
FM.D.U2.EUR.4F.KR.MRR_FR.LEV,D,U2,EUR,4F,KR,MRR_FR,LEV,2026-09-15,2.4
FM.D.U2.EUR.4F.KR.MRR_FR.LEV,D,U2,EUR,4F,KR,MRR_FR,LEV,2026-09-16,2.65
FM.D.U2.EUR.4F.KR.MRR_FR.LEV,D,U2,EUR,4F,KR,MRR_FR,LEV,2026-09-17,2.65
FM.D.U2.EUR.4F.KR.MRR_FR.LEV,D,U2,EUR,4F,KR,MRR_FR,LEV,2026-09-18,2.65
FM.D.U2.EUR.4F.KR.MRR_FR.LEV,D,U2,EUR,4F,KR,MRR_FR,LEV,2026-09-19,2.65
FM.D.U2.EUR.4F.KR.MRR_FR.LEV,D,U2,EUR,4F,KR,MRR_FR,LEV,2026-09-20,2.65
FM.D.U2.EUR.4F.KR.MRR_FR.LEV,D,U2,EUR,4F,KR,MRR_FR,LEV,2026-09-21,2.65
FM.D.U2.EUR.4F.KR.MRR_FR.LEV,D,U2,EUR,4F,KR,MRR_FR,LEV,2026-09-22,2.65
FM.D.U2.EUR.4F.KR.MRR_FR.LEV,D,U2,EUR,4F,KR,MRR_FR,LEV,2026-09-23,2.65
FM.D.U2.EUR.4F.KR.MRR_FR.LEV,D,U2,EUR,4F,KR,MRR_FR,LEV,2026-09-24,2.65
FM.D.U2.EUR.4F.KR.MRR_FR.LEV,D,U2,EUR,4F,KR,MRR_FR,LEV,2026-09-25,2.65
FM.D.U2.EUR.4F.KR.MRR_FR.LEV,D,U2,EUR,4F,KR,MRR_FR,LEV,2026-09-26,2.65
FM.D.U2.EUR.4F.KR.MRR_FR.LEV,D,U2,EUR,4F,KR,MRR_FR,LEV,2026-09-27,2.65
FM.D.U2.EUR.4F.KR.MRR_FR.LEV,D,U2,EUR,4F,KR,MRR_FR,LEV,2026-09-28,2.65
FM.D.U2.EUR.4F.KR.MRR_FR.LEV,D,U2,EUR,4F,KR,MRR_FR,LEV,2026-09-29,2.65
