KEY,FREQ,CURRENCY,CURRENCY_DENOM,EXR_TYPE,EXR_SUFFIX,TIME_PERIOD,OBS_VALUE
EXR.D.USD.EUR.SP00.A,D,USD,EUR,SP00,A,2026-07-07,1.1433
EXR.D.USD.EUR.SP00.A,D,USD,EUR,SP00,A,2026-07-08,1.1404
EXR.D.USD.EUR.SP00.A,D,USD,EUR,SP00,A,2026-07-09,1.1435
EXR.D.USD.EUR.SP00.A,D,USD,EUR,SP00,A,2026-07-10,1.143
EXR.D.USD.EUR.SP00.A,D,USD,EUR,SP00,A,2026-07-13,1.1424
EXR.D.USD.EUR.SP00.A,D,USD,EUR,SP00,A,2026-07-14,1.1405
EXR.D.USD.EUR.SP00.A,D,USD,EUR,SP00,A,2026-07-15,1.1406
EXR.D.USD.EUR.SP00.A,D,USD,EUR,SP00,A,2026-07-16,1.1467
EXR.D.USD.EUR.SP00.A,D,USD,EUR,SP00,A,2026-07-17,1.1435
EXR.D.USD.EUR.SP00.A,D,USD,EUR,SP00,A,2026-07-20,1.1426
EXR.D.USD.EUR.SP00.A,D,USD,EUR,SP00,A,2026-07-21,1.1418
EXR.D.USD.EUR.SP00.A,D,USD,EUR,SP00,A,2026-07-22,1.1408
EXR.D.USD.EUR.SP00.A,D,USD,EUR,SP00,A,2026-07-23,1.1392
EXR.D.USD.EUR.SP00.A,D,USD,EUR,SP00,A,2026-07-24,1.1377
EXR.D.USD.EUR.SP00.A,D,USD,EUR,SP00,A,2026-07-27,1.1389
EXR.D.USD.EUR.SP00.A,D,USD,EUR,SP00,A,2026-07-28,1.1367
EXR.D.USD.EUR.SP00.A,D,USD,EUR,SP00,A,2026-07-29,1.138
EXR.D.USD.EUR.SP00.A,D,USD,EUR,SP00,A,2026-07-30,1.1476
EXR.D.USD.EUR.SP00.A,D,USD,EUR,SP00,A,2026-07-31,1.1485
EXR.D.USD.EUR.SP00.A,D,USD,EUR,SP00,A,2026-08-03,1.1535
EXR.D.USD.EUR.SP00.A,D,USD,EUR,SP00,A,2026-08-04,1.1515
EXR.D.USD.EUR.SP00.A,D,USD,EUR,SP00,A,2026-08-05,1.1554
EXR.D.USD.EUR.SP00.A,D,USD,EUR,SP00,A,2026-08-06,1.1542
EXR.D.USD.EUR.SP00.A,D,USD,EUR,SP00,A,2026-08-07,1.1535
EXR.D.USD.EUR.SP00.A,D,USD,EUR,SP00,A,2026-08-10,1.1555
EXR.D.USD.EUR.SP00.A,D,USD,EUR,SP00,A,2026-08-11,1.154
EXR.D.USD.EUR.SP00.A,D,USD,EUR,SP00,A,2026-08-12,1.1545
EXR.D.USD.EUR.SP00.A,D,USD,EUR,SP00,A,2026-08-13,1.1534
EXR.D.USD.EUR.SP00.A,D,USD,EUR,SP00,A,2026-08-14,1.1567
EXR.D.USD.EUR.SP00.A,D,USD,EUR,SP00,A,2026-08-17,1.1593
EXR.D.USD.EUR.SP00.A,D,USD,EUR,SP00,A,2026-08-18,1.1576
EXR.D.USD.EUR.SP00.A,D,USD,EUR,SP00,A,2026-08-19,1.1605
EXR.D.USD.EUR.SP00.A,D,USD,EUR,SP00,A,2026-08-20,1.1681
EXR.D.USD.EUR.SP00.A,D,USD,EUR,SP00,A,2026-08-21,1.1699
EXR.D.USD.EUR.SP00.A,D,USD,EUR,SP00,A,2026-08-24,1.1664
EXR.D.USD.EUR.SP00.A,D,USD,EUR,SP00,A,2026-08-25,1.1662
EXR.D.USD.EUR.SP00.A,D,USD,EUR,SP00,A,2026-08-26,1.1669
EXR.D.USD.EUR.SP00.A,D,USD,EUR,SP00,A,2026-08-27,1.1645
EXR.D.USD.EUR.SP00.A,D,USD,EUR,SP00,A,2026-08-28,1.1643
EXR.D.USD.EUR.SP00.A,D,USD,EUR,SP00,A,2026-08-31,1.1596
EXR.D.USD.EUR.SP00.A,D,USD,EUR,SP00,A,2026-09-01,1.159
EXR.D.USD.EUR.SP00.A,D,USD,EUR,SP00,A,2026-09-02,1.1578
EXR.D.USD.EUR.SP00.A,D,USD,EUR,SP00,A,2026-09-03,1.1615
EXR.D.USD.EUR.SP00.A,D,USD,EUR,SP00,A,2026-09-04,1.1622
EXR.D.USD.EUR.SP00.A,D,USD,EUR,SP00,A,2026-09-07,1.1622
EXR.D.USD.EUR.SP00.A,D,USD,EUR,SP00,A,2026-09-08,1.1614
EXR.D.USD.EUR.SP00.A,D,USD,EUR,SP00,A,2026-09-09,1.1652
EXR.D.USD.EUR.SP00.A,D,USD,EUR,SP00,A,2026-09-10,1.1616
EXR.D.USD.EUR.SP00.A,D,USD,EUR,SP00,A,2026-09-11,1.1592
EXR.D.USD.EUR.SP00.A,D,USD,EUR,SP00,A,2026-09-14,1.1551
EXR.D.USD.EUR.SP00.A,D,USD,EUR,SP00,A,2026-09-15,1.1539
EXR.D.USD.EUR.SP00.A,D,USD,EUR,SP00,A,2026-09-16,1.1537
EXR.D.USD.EUR.SP00.A,D,USD,EUR,SP00,A,2026-09-17,1.1481
EXR.D.USD.EUR.SP00.A,D,USD,EUR,SP00,A,2026-09-18,1.146
EXR.D.USD.EUR.SP00.A,D,USD,EUR,SP00,A,2026-09-21,1.149
EXR.D.USD.EUR.SP00.A,D,USD,EUR,SP00,A,2026-09-22,1.1463
EXR.D.USD.EUR.SP00.A,D,USD,EUR,SP00,A,2026-09-23,1.1411
EXR.D.USD.EUR.SP00.A,D,USD,EUR,SP00,A,2026-09-24,1.1367
EXR.D.USD.EUR.SP00.A,D,USD,EUR,SP00,A,2026-09-25,1.1403
EXR.D.USD.EUR.SP00.A,D,USD,EUR,SP00,A,2026-09-28,1.1378
