KEY,FREQ,BENCHMARK_ITEM,DATA_TYPE_EST,TIME_PERIOD,OBS_VALUE
EST.B.EU000A2X2A25.WT,B,EU000A2X2A25,WT,2026-07-07,2.182
EST.B.EU000A2X2A25.WT,B,EU000A2X2A25,WT,2026-07-08,2.182
EST.B.EU000A2X2A25.WT,B,EU000A2X2A25,WT,2026-07-09,2.182
EST.B.EU000A2X2A25.WT,B,EU000A2X2A25,WT,2026-07-10,2.182
EST.B.EU000A2X2A25.WT,B,EU000A2X2A25,WT,2026-07-13,2.184
EST.B.EU000A2X2A25.WT,B,EU000A2X2A25,WT,2026-07-14,2.184
EST.B.EU000A2X2A25.WT,B,EU000A2X2A25,WT,2026-07-15,2.184
EST.B.EU000A2X2A25.WT,B,EU000A2X2A25,WT,2026-07-16,2.185
EST.B.EU000A2X2A25.WT,B,EU000A2X2A25,WT,2026-07-17,2.186
EST.B.EU000A2X2A25.WT,B,EU000A2X2A25,WT,2026-07-20,2.184
EST.B.EU000A2X2A25.WT,B,EU000A2X2A25,WT,2026-07-21,2.183
EST.B.EU000A2X2A25.WT,B,EU000A2X2A25,WT,2026-07-22,2.184
EST.B.EU000A2X2A25.WT,B,EU000A2X2A25,WT,2026-07-23,2.185
EST.B.EU000A2X2A25.WT,B,EU000A2X2A25,WT,2026-07-24,2.186
EST.B.EU000A2X2A25.WT,B,EU000A2X2A25,WT,2026-07-27,2.185
EST.B.EU000A2X2A25.WT,B,EU000A2X2A25,WT,2026-07-28,2.184
EST.B.EU000A2X2A25.WT,B,EU000A2X2A25,WT,2026-07-29,2.185
EST.B.EU000A2X2A25.WT,B,EU000A2X2A25,WT,2026-07-30,2.185
EST.B.EU000A2X2A25.WT,B,EU000A2X2A25,WT,2026-07-31,2.184
EST.B.EU000A2X2A25.WT,B,EU000A2X2A25,WT,2026-08-03,2.185
EST.B.EU000A2X2A25.WT,B,EU000A2X2A25,WT,2026-08-04,2.185
EST.B.EU000A2X2A25.WT,B,EU000A2X2A25,WT,2026-08-05,2.185
EST.B.EU000A2X2A25.WT,B,EU000A2X2A25,WT,2026-08-06,2.185
EST.B.EU000A2X2A25.WT,B,EU000A2X2A25,WT,2026-08-07,2.185
EST.B.EU000A2X2A25.WT,B,EU000A2X2A25,WT,2026-08-10,2.184
EST.B.EU000A2X2A25.WT,B,EU000A2X2A25,WT,2026-08-11,2.184
EST.B.EU000A2X2A25.WT,B,EU000A2X2A25,WT,2026-08-12,2.185
EST.B.EU000A2X2A25.WT,B,EU000A2X2A25,WT,2026-08-13,2.188
EST.B.EU000A2X2A25.WT,B,EU000A2X2A25,WT,2026-08-14,2.189
EST.B.EU000A2X2A25.WT,B,EU000A2X2A25,WT,2026-08-17,2.187
EST.B.EU000A2X2A25.WT,B,EU000A2X2A25,WT,2026-08-18,2.188
EST.B.EU000A2X2A25.WT,B,EU000A2X2A25,WT,2026-08-19,2.188
EST.B.EU000A2X2A25.WT,B,EU000A2X2A25,WT,2026-08-20,2.191
EST.B.EU000A2X2A25.WT,B,EU000A2X2A25,WT,2026-08-21,2.189
EST.B.EU000A2X2A25.WT,B,EU000A2X2A25,WT,2026-08-24,2.189
EST.B.EU000A2X2A25.WT,B,EU000A2X2A25,WT,2026-08-25,2.189
EST.B.EU000A2X2A25.WT,B,EU000A2X2A25,WT,2026-08-26,2.187
EST.B.EU000A2X2A25.WT,B,EU000A2X2A25,WT,2026-08-27,2.188
EST.B.EU000A2X2A25.WT,B,EU000A2X2A25,WT,2026-08-28,2.19
EST.B.EU000A2X2A25.WT,B,EU000A2X2A25,WT,2026-08-31,2.185
EST.B.EU000A2X2A25.WT,B,EU000A2X2A25,WT,2026-09-01,2.188
EST.B.EU000A2X2A25.WT,B,EU000A2X2A25,WT,2026-09-02,2.188
EST.B.EU000A2X2A25.WT,B,EU000A2X2A25,WT,2026-09-03,2.189
EST.B.EU000A2X2A25.WT,B,EU000A2X2A25,WT,2026-09-04,2.189
EST.B.EU000A2X2A25.WT,B,EU000A2X2A25,WT,2026-09-07,2.188
EST.B.EU000A2X2A25.WT,B,EU000A2X2A25,WT,2026-09-08,2.188
EST.B.EU000A2X2A25.WT,B,EU000A2X2A25,WT,2026-09-09,2.189
EST.B.EU000A2X2A25.WT,B,EU000A2X2A25,WT,2026-09-10,2.19
EST.B.EU000A2X2A25.WT,B,EU000A2X2A25,WT,2026-09-11,2.189
EST.B.EU000A2X2A25.WT,B,EU000A2X2A25,WT,2026-09-14,2.19
EST.B.EU000A2X2A25.WT,B,EU000A2X2A25,WT,2026-09-15,2.19
EST.B.EU000A2X2A25.WT,B,EU000A2X2A25,WT,2026-09-16,2.441
EST.B.EU000A2X2A25.WT,B,EU000A2X2A25,WT,2026-09-17,2.44
EST.B.EU000A2X2A25.WT,B,EU000A2X2A25,WT,2026-09-18,2.441
EST.B.EU000A2X2A25.WT,B,EU000A2X2A25,WT,2026-09-21,2.44
EST.B.EU000A2X2A25.WT,B,EU000A2X2A25,WT,2026-09-22,2.44
EST.B.EU000A2X2A25.WT,B,EU000A2X2A25,WT,2026-09-23,2.439
EST.B.EU000A2X2A25.WT,B,EU000A2X2A25,WT,2026-09-24,2.44
EST.B.EU000A2X2A25.WT,B,EU000A2X2A25,WT,2026-09-25,2.44
EST.B.EU000A2X2A25.WT,B,EU000A2X2A25,WT,2026-09-28,2.44
