KEY,FREQ,REF_AREA,FCT_TOPIC,FCT_BREAKDOWN,FCT_HORIZON,SURVEY_FREQ,FCT_SOURCE,TIME_PERIOD,OBS_VALUE
SPF.M.U2.HICP.POINT.P12M.Q.AVG,M,U2,HICP,POINT,P12M,Q,AVG,2012-12,1.6577737535061223
SPF.M.U2.HICP.POINT.P12M.Q.AVG,M,U2,HICP,POINT,P12M,Q,AVG,2013-03,1.7979350841413042
SPF.M.U2.HICP.POINT.P12M.Q.AVG,M,U2,HICP,POINT,P12M,Q,AVG,2013-06,1.7639322921418603
SPF.M.U2.HICP.POINT.P12M.Q.AVG,M,U2,HICP,POINT,P12M,Q,AVG,2013-09,1.8555779095085108
SPF.M.U2.HICP.POINT.P12M.Q.AVG,M,U2,HICP,POINT,P12M,Q,AVG,2013-12,1.7236621318893612
SPF.M.U2.HICP.POINT.P12M.Q.AVG,M,U2,HICP,POINT,P12M,Q,AVG,2014-03,1.5587907505159089
SPF.M.U2.HICP.POINT.P12M.Q.AVG,M,U2,HICP,POINT,P12M,Q,AVG,2014-06,1.5331714755560975
SPF.M.U2.HICP.POINT.P12M.Q.AVG,M,U2,HICP,POINT,P12M,Q,AVG,2014-09,1.4825411471046515
SPF.M.U2.HICP.POINT.P12M.Q.AVG,M,U2,HICP,POINT,P12M,Q,AVG,2014-12,1.345395823802222
SPF.M.U2.HICP.POINT.P12M.Q.AVG,M,U2,HICP,POINT,P12M,Q,AVG,2015-03,1.2446060971022224
SPF.M.U2.HICP.POINT.P12M.Q.AVG,M,U2,HICP,POINT,P12M,Q,AVG,2015-06,1.1815915709638303
SPF.M.U2.HICP.POINT.P12M.Q.AVG,M,U2,HICP,POINT,P12M,Q,AVG,2015-09,1.0655108194145835
SPF.M.U2.HICP.POINT.P12M.Q.AVG,M,U2,HICP,POINT,P12M,Q,AVG,2015-12,0.7554202794291668
SPF.M.U2.HICP.POINT.P12M.Q.AVG,M,U2,HICP,POINT,P12M,Q,AVG,2016-03,0.9816518550040816
SPF.M.U2.HICP.POINT.P12M.Q.AVG,M,U2,HICP,POINT,P12M,Q,AVG,2016-06,1.2076375659209304
SPF.M.U2.HICP.POINT.P12M.Q.AVG,M,U2,HICP,POINT,P12M,Q,AVG,2016-09,1.1037208270833334
SPF.M.U2.HICP.POINT.P12M.Q.AVG,M,U2,HICP,POINT,P12M,Q,AVG,2016-12,1.1546666666666665
SPF.M.U2.HICP.POINT.P12M.Q.AVG,M,U2,HICP,POINT,P12M,Q,AVG,2017-03,1.0955863414634144
SPF.M.U2.HICP.POINT.P12M.Q.AVG,M,U2,HICP,POINT,P12M,Q,AVG,2017-06,1.1402425833625
SPF.M.U2.HICP.POINT.P12M.Q.AVG,M,U2,HICP,POINT,P12M,Q,AVG,2017-09,1.2118377888512821
SPF.M.U2.HICP.POINT.P12M.Q.AVG,M,U2,HICP,POINT,P12M,Q,AVG,2017-12,1.3797786959604166
SPF.M.U2.HICP.POINT.P12M.Q.AVG,M,U2,HICP,POINT,P12M,Q,AVG,2018-03,1.4823839737093023
SPF.M.U2.HICP.POINT.P12M.Q.AVG,M,U2,HICP,POINT,P12M,Q,AVG,2018-06,1.4537895145229163
SPF.M.U2.HICP.POINT.P12M.Q.AVG,M,U2,HICP,POINT,P12M,Q,AVG,2018-09,1.4767936160220005
SPF.M.U2.HICP.POINT.P12M.Q.AVG,M,U2,HICP,POINT,P12M,Q,AVG,2018-12,1.5556649130562503
SPF.M.U2.HICP.POINT.P12M.Q.AVG,M,U2,HICP,POINT,P12M,Q,AVG,2019-03,1.5554096876833332
SPF.M.U2.HICP.POINT.P12M.Q.AVG,M,U2,HICP,POINT,P12M,Q,AVG,2019-06,1.6156903540595746
SPF.M.U2.HICP.POINT.P12M.Q.AVG,M,U2,HICP,POINT,P12M,Q,AVG,2019-09,1.6688462284600003
SPF.M.U2.HICP.POINT.P12M.Q.AVG,M,U2,HICP,POINT,P12M,Q,AVG,2019-12,1.5808541357081636
SPF.M.U2.HICP.POINT.P12M.Q.AVG,M,U2,HICP,POINT,P12M,Q,AVG,2020-02,1.5451223015813953
SPF.M.U2.HICP.POINT.P12M.Q.AVG,M,U2,HICP,POINT,P12M,Q,AVG,2020-03,1.545122301590698
SPF.M.U2.HICP.POINT.P12M.Q.AVG,M,U2,HICP,POINT,P12M,Q,AVG,2020-06,1.333954411880952
SPF.M.U2.HICP.POINT.P12M.Q.AVG,M,U2,HICP,POINT,P12M,Q,AVG,2020-09,1.2422269137545454
SPF.M.U2.HICP.POINT.P12M.Q.AVG,M,U2,HICP,POINT,P12M,Q,AVG,2020-12,1.2754302513183335
SPF.M.U2.HICP.POINT.P12M.Q.AVG,M,U2,HICP,POINT,P12M,Q,AVG,2021-03,1.0119312862000005
SPF.M.U2.HICP.POINT.P12M.Q.AVG,M,U2,HICP,POINT,P12M,Q,AVG,2021-06,1.0529182883413042
SPF.M.U2.HICP.POINT.P12M.Q.AVG,M,U2,HICP,POINT,P12M,Q,AVG,2021-09,1.096758126826531
SPF.M.U2.HICP.POINT.P12M.Q.AVG,M,U2,HICP,POINT,P12M,Q,AVG,2021-12,1.3035544292470593
SPF.M.U2.HICP.POINT.P12M.Q.AVG,M,U2,HICP,POINT,P12M,Q,AVG,2022-03,1.321053652095745
SPF.M.U2.HICP.POINT.P12M.Q.AVG,M,U2,HICP,POINT,P12M,Q,AVG,2022-06,1.4290745694088889
SPF.M.U2.HICP.POINT.P12M.Q.AVG,M,U2,HICP,POINT,P12M,Q,AVG,2022-09,1.6530908881914894
SPF.M.U2.HICP.POINT.P12M.Q.AVG,M,U2,HICP,POINT,P12M,Q,AVG,2022-12,1.812694997457143
SPF.M.U2.HICP.POINT.P12M.Q.AVG,M,U2,HICP,POINT,P12M,Q,AVG,2023-03,2.811299741014633
SPF.M.U2.HICP.POINT.P12M.Q.AVG,M,U2,HICP,POINT,P12M,Q,AVG,2023-06,3.5566997932190483
SPF.M.U2.HICP.POINT.P12M.Q.AVG,M,U2,HICP,POINT,P12M,Q,AVG,2023-09,4.755920324782608
SPF.M.U2.HICP.POINT.P12M.Q.AVG,M,U2,HICP,POINT,P12M,Q,AVG,2023-12,3.6206025955319143
SPF.M.U2.HICP.POINT.P12M.Q.AVG,M,U2,HICP,POINT,P12M,Q,AVG,2024-03,2.806316633333333
SPF.M.U2.HICP.POINT.P12M.Q.AVG,M,U2,HICP,POINT,P12M,Q,AVG,2024-06,2.7912019645238093
SPF.M.U2.HICP.POINT.P12M.Q.AVG,M,U2,HICP,POINT,P12M,Q,AVG,2024-09,2.4825578437999996
SPF.M.U2.HICP.POINT.P12M.Q.AVG,M,U2,HICP,POINT,P12M,Q,AVG,2024-12,2.2718729778723405
SPF.M.U2.HICP.POINT.P12M.Q.AVG,M,U2,HICP,POINT,P12M,Q,AVG,2025-03,2.0694209946938775
SPF.M.U2.HICP.POINT.P12M.Q.AVG,M,U2,HICP,POINT,P12M,Q,AVG,2025-06,2.0699433054545455
SPF.M.U2.HICP.POINT.P12M.Q.AVG,M,U2,HICP,POINT,P12M,Q,AVG,2025-09,1.9546583076086954
SPF.M.U2.HICP.POINT.P12M.Q.AVG,M,U2,HICP,POINT,P12M,Q,AVG,2025-12,1.9830234053061229
SPF.M.U2.HICP.POINT.P12M.Q.AVG,M,U2,HICP,POINT,P12M,Q,AVG,2026-03,1.9817675690697671
SPF.M.U2.HICP.POINT.P12M.Q.AVG,M,U2,HICP,POINT,P12M,Q,AVG,2026-06,1.8226857182051288
SPF.M.U2.HICP.POINT.P12M.Q.AVG,M,U2,HICP,POINT,P12M,Q,AVG,2026-09,1.7998094497619055
SPF.M.U2.HICP.POINT.P12M.Q.AVG,M,U2,HICP,POINT,P12M,Q,AVG,2026-12,1.874089318979592
SPF.M.U2.HICP.POINT.P12M.Q.AVG,M,U2,HICP,POINT,P12M,Q,AVG,2027-03,2.3922812692857143
SPF.M.U2.HICP.POINT.P12M.Q.AVG,M,U2,HICP,POINT,P12M,Q,AVG,2027-06,2.0956602182926827
