"Note: This is not an official Federal Reserve statistical release. Because this is a staff research product and not an official statistical release, it is subject to delay, revision, or methodological changes without advance notice."

Series,Compounding Convention,Mnemonic(s)
Zero-coupon yield,Continuously Compounded,SVENYXX
Par yield,Coupon-Equivalent,SVENPYXX
Instantaneous forward rate,Continuously Compounded,SVENFXX
One-year forward rate,Coupon-Equivalent,SVEN1FXX
Parameters,N/A,BETA0 to TAU2

Date,BETA0,BETA1,BETA2,BETA3,SVEN1F01,SVEN1F04,SVEN1F09,SVENF01,SVENF02,SVENF03,SVENF04,SVENF05,SVENF06,SVENF07,SVENF08,SVENF09,SVENF10,SVENF11,SVENF12,SVENF13,SVENF14,SVENF15,SVENF16,SVENF17,SVENF18,SVENF19,SVENF20,SVENF21,SVENF22,SVENF23,SVENF24,SVENF25,SVENF26,SVENF27,SVENF28,SVENF29,SVENF30,SVENPY01,SVENPY02,SVENPY03,SVENPY04,SVENPY05,SVENPY06,SVENPY07,SVENPY08,SVENPY09,SVENPY10,SVENPY11,SVENPY12,SVENPY13,SVENPY14,SVENPY15,SVENPY16,SVENPY17,SVENPY18,SVENPY19,SVENPY20,SVENPY21,SVENPY22,SVENPY23,SVENPY24,SVENPY25,SVENPY26,SVENPY27,SVENPY28,SVENPY29,SVENPY30,SVENY01,SVENY02,SVENY03,SVENY04,SVENY05,SVENY06,SVENY07,SVENY08,SVENY09,SVENY10,SVENY11,SVENY12,SVENY13,SVENY14,SVENY15,SVENY16,SVENY17,SVENY18,SVENY19,SVENY20,SVENY21,SVENY22,SVENY23,SVENY24,SVENY25,SVENY26,SVENY27,SVENY28,SVENY29,SVENY30,TAU1,TAU2
2026-06-29,3.30724867583097e-07,4.05961087665434,-219.851747035768,230.276899873565,4.0762,4.3477,5.0722,4.0255,4.0542,4.1296,4.2379,4.3678,4.5101,4.6572,4.8032,4.9432,5.0737,5.1918,5.2955,5.3835,5.4551,5.5097,5.5474,5.5685,5.5734,5.5628,5.5376,5.4986,5.4469,5.3834,5.3091,5.2251,5.1325,5.0321,4.9251,4.8123,4.6945,4.0776,4.0769,4.0941,4.1249,4.1658,4.2139,4.2666,4.322,4.3784,4.4343,4.4888,4.541,4.5903,4.6363,4.6788,4.7175,4.7524,4.7835,4.8109,4.8347,4.8552,4.8724,4.8865,4.8979,4.9066,4.9128,4.9169,4.9189,4.9191,4.9175,4.0365,4.0359,4.0535,4.0855,4.1287,4.1803,4.2379,4.2995,4.3633,4.4279,4.4921,4.5548,4.6153,4.6728,4.7269,4.7771,4.8231,4.8647,4.9018,4.9343,4.9621,4.9854,5.0041,5.0184,5.0284,5.0342,5.036,5.034,5.0283,5.0191,11.9029783221493,12.2882960596498
2026-06-30,1.77427629201524e-10,4.06996715176281,-461.953317384163,472.557563149139,4.1221,4.4223,5.1417,4.0611,4.1074,4.1941,4.3091,4.4422,4.5853,4.7314,4.8752,5.0125,5.1399,5.2549,5.3557,5.4412,5.5106,5.5636,5.6002,5.6207,5.6255,5.6153,5.5909,5.5531,5.5028,5.4411,5.3688,5.287,5.1966,5.0987,4.994,4.8836,4.7682,4.1018,4.1117,4.1371,4.1741,4.2196,4.271,4.3261,4.383,4.4402,4.4966,4.5511,4.6032,4.6522,4.6978,4.7398,4.778,4.8125,4.8432,4.8702,4.8938,4.9139,4.931,4.945,4.9563,4.965,4.9713,4.9755,4.9777,4.978,4.9767,4.0603,4.0703,4.0961,4.1345,4.1825,4.2376,4.2977,4.361,4.4258,4.491,4.5553,4.6179,4.678,4.7351,4.7887,4.8383,4.8838,4.925,4.9616,4.9938,5.0213,5.0444,5.063,5.0773,5.0874,5.0933,5.0954,5.0936,5.0883,5.0796,12.2529188743714,12.4384407166791
2026-07-01,0.000570817390228051,4.07698425094442,-506.779617054142,517.590436372365,4.1626,4.4838,5.1909,4.0926,4.1541,4.2496,4.3686,4.5025,4.6441,4.7875,4.9281,5.062,5.1863,5.2989,5.3982,5.483,5.5526,5.6069,5.6456,5.6691,5.6778,5.6721,5.6528,5.6207,5.5765,5.5212,5.4555,5.3804,5.2969,5.2056,5.1076,5.0037,4.8946,4.1225,4.1421,4.1746,4.2166,4.2656,4.3192,4.3755,4.4329,4.4902,4.5464,4.6005,4.6521,4.7006,4.7458,4.7874,4.8254,4.8598,4.8905,4.9177,4.9415,4.962,4.9795,4.9942,5.0061,5.0156,5.0228,5.0278,5.0309,5.0322,5.0319,4.0806,4.1003,4.1334,4.1769,4.2285,4.2859,4.3473,4.4112,4.4761,4.541,4.6049,4.667,4.7266,4.7832,4.8364,4.8858,4.9313,4.9726,5.0096,5.0423,5.0707,5.0947,5.1145,5.1301,5.1416,5.1492,5.153,5.1532,5.1498,5.1432,12.716249532945,12.8880021960968
2026-07-02,1.6397910172899e-07,4.04994939464765,-479.613496448198,490.502810567915,4.1434,4.4946,5.2405,4.07,4.1395,4.2446,4.374,4.5182,4.6694,4.8213,4.9689,5.1083,5.2365,5.3513,5.451,5.5348,5.6019,5.6522,5.6859,5.7032,5.7048,5.6912,5.6635,5.6224,5.5689,5.5039,5.4286,5.3438,5.2506,5.1499,5.0427,4.9298,4.8121,4.0965,4.1195,4.1559,4.2024,4.2559,4.3141,4.3748,4.4363,4.4974,4.5568,4.6139,4.6679,4.7185,4.7652,4.8081,4.8469,4.8817,4.9126,4.9398,4.9633,4.9834,5.0002,5.014,5.0251,5.0335,5.0396,5.0434,5.0453,5.0454,5.0438,4.0552,4.0782,4.1153,4.1634,4.2198,4.2821,4.3483,4.4167,4.4859,4.5546,4.622,4.687,4.7491,4.8077,4.8624,4.9129,4.959,5.0004,5.0372,5.0693,5.0967,5.1194,5.1375,5.1513,5.1607,5.166,5.1673,5.1648,5.1586,5.149,12.2956870524028,12.4727052632037
2026-07-03,NA,NA,NA,NA,NA,NA,NA,NA,NA,NA,NA,NA,NA,NA,NA,NA,NA,NA,NA,NA,NA,NA,NA,NA,NA,NA,NA,NA,NA,NA,NA,NA,NA,NA,NA,NA,NA,NA,NA,NA,NA,NA,NA,NA,NA,NA,NA,NA,NA,NA,NA,NA,NA,NA,NA,NA,NA,NA,NA,NA,NA,NA,NA,NA,NA,NA,NA,NA,NA,NA,NA,NA,NA,NA,NA,NA,NA,NA,NA,NA,NA,NA,NA,NA,NA,NA,NA,NA,NA,NA,NA,NA,NA,NA,NA,NA,NA,NA,NA
2026-07-06,0.00122767550212422,4.03094653862654,-582.873952032754,593.791744888839,4.1193,4.4746,5.244,4.0474,4.1152,4.221,4.3528,4.5005,4.656,4.8126,4.9651,5.1094,5.2422,5.3614,5.4651,5.5523,5.6225,5.6754,5.7111,5.73,5.7327,5.7199,5.6925,5.6513,5.5975,5.5319,5.4556,5.3697,5.2752,5.173,5.0642,4.9496,4.8301,4.0757,4.097,4.1328,4.1793,4.2334,4.2926,4.3546,4.4176,4.4803,4.5414,4.6002,4.6559,4.708,4.7563,4.8005,4.8407,4.8767,4.9087,4.9369,4.9613,4.9822,4.9997,5.0142,5.0258,5.0347,5.0412,5.0454,5.0476,5.048,5.0466,4.0347,4.0562,4.0926,4.1408,4.1977,4.2611,4.3287,4.3988,4.4698,4.5405,4.6098,4.6769,4.741,4.8016,4.8581,4.9104,4.9582,5.0012,5.0394,5.0728,5.1014,5.1252,5.1444,5.159,5.1691,5.1751,5.1769,5.1748,5.1691,5.1598,12.2108343403335,12.358377617781
2026-07-07,0.00092401909690613,4.06601082932485,-472.020512621057,483.130932804641,4.1855,4.5559,5.3015,4.1049,4.1864,4.2991,4.4328,4.5791,4.7308,4.8824,5.0294,5.168,5.2957,5.4102,5.5103,5.5948,5.6634,5.7157,5.752,5.7724,5.7774,5.7679,5.7443,5.7077,5.6589,5.5988,5.5283,5.4484,5.36,5.264,5.1613,5.0528,4.9392,4.1235,4.1539,4.196,4.2466,4.3032,4.3636,4.4258,4.4884,4.5502,4.6102,4.6675,4.7218,4.7726,4.8195,4.8626,4.9017,4.9369,4.9683,4.9959,5.0199,5.0406,5.0581,5.0726,5.0844,5.0936,5.1005,5.1052,5.108,5.1089,5.1083,4.0817,4.1121,4.1549,4.2073,4.2669,4.3316,4.3995,4.4691,4.5391,4.6085,4.6763,4.7417,4.8042,4.8632,4.9184,4.9694,5.0162,5.0584,5.096,5.1291,5.1576,5.1815,5.201,5.2161,5.2271,5.2339,5.2368,5.236,5.2315,5.2237,12.633947399732,12.8169681792904
2026-07-08,0.00158278435520973,4.07548570818717,-523.420032985489,534.572989894439,4.2101,4.5901,5.3258,4.1253,4.2136,4.3303,4.466,4.6125,4.7632,4.913,5.0574,5.1932,5.3178,5.4292,5.5262,5.6078,5.6736,5.7235,5.7575,5.7759,5.7794,5.7684,5.7439,5.7064,5.657,5.5966,5.526,5.4462,5.358,5.2624,5.1602,5.0523,4.9395,4.1394,4.174,4.2192,4.2722,4.3303,4.3916,4.4543,4.517,4.5786,4.6381,4.6949,4.7485,4.7985,4.8448,4.887,4.9254,4.9598,4.9904,5.0173,5.0407,5.0608,5.0778,5.0918,5.1031,5.1119,5.1184,5.1228,5.1252,5.1259,5.125,4.0973,4.1319,4.178,4.2327,4.2939,4.3595,4.4279,4.4977,4.5675,4.6364,4.7035,4.7681,4.8297,4.8877,4.9419,4.9918,5.0375,5.0787,5.1153,5.1474,5.175,5.1981,5.2168,5.2311,5.2414,5.2476,5.2499,5.2486,5.2437,5.2354,12.7372385570029,12.900721016972
2026-07-09,2.90712296070357e-06,4.04845213395385,-62.7952234375181,74.1387246244998,4.1715,4.558,5.3255,4.0891,4.1748,4.2928,4.4321,4.5839,4.7409,4.8972,5.0482,5.1901,5.3202,5.4363,5.5371,5.6217,5.6895,5.7404,5.7746,5.7924,5.7944,5.7814,5.7541,5.7135,5.6605,5.5961,5.5212,5.4369,5.3441,5.2438,5.1369,5.0243,4.9068,4.1059,4.138,4.1822,4.2352,4.2943,4.3571,4.4218,4.4866,4.5504,4.6123,4.6713,4.727,4.7789,4.8269,4.8708,4.9105,4.9461,4.9777,5.0054,5.0295,5.0501,5.0674,5.0817,5.0932,5.102,5.1085,5.1128,5.115,5.1155,5.1143,4.0644,4.0966,4.1416,4.1964,4.2586,4.3259,4.3964,4.4685,4.5409,4.6124,4.6822,4.7493,4.8133,4.8735,4.9297,4.9815,5.0288,5.0713,5.1091,5.1421,5.1703,5.1939,5.2128,5.2272,5.2373,5.2433,5.2452,5.2432,5.2376,5.2286,11.897390427274,13.1650569933475
2026-07-10,3.13380476490452e-07,4.07975267344687,-98.0797994435986,109.356217484927,4.2105,4.5898,5.3291,4.1262,4.2135,4.3299,4.4655,4.6124,4.7637,4.9142,5.0594,5.196,5.3215,5.4337,5.5315,5.6139,5.6803,5.7308,5.7653,5.7841,5.7879,5.7772,5.7528,5.7155,5.6661,5.6057,5.535,5.4551,5.3667,5.2709,5.1686,5.0604,4.9473,4.1412,4.1751,4.2199,4.2725,4.3306,4.3918,4.4546,4.5175,4.5792,4.639,4.696,4.7499,4.8001,4.8466,4.8891,4.9276,4.9623,4.9931,5.0202,5.0437,5.064,5.081,5.0952,5.1066,5.1155,5.1221,5.1266,5.1291,5.1298,5.129,4.099,4.133,4.1786,4.233,4.2941,4.3597,4.4282,4.4981,4.5682,4.6373,4.7047,4.7697,4.8315,4.8899,4.9444,4.9947,5.0406,5.0821,5.119,5.1514,5.1792,5.2025,5.2214,5.2359,5.2463,5.2527,5.2552,5.2539,5.2491,5.241,12.3837405636744,13.2214609111722
2026-07-13,0.00100723408218809,4.12219127056378,-514.678932889748,525.913262018604,4.274,4.6539,5.3575,4.1843,4.2788,4.3969,4.5304,4.6724,4.8173,4.9603,5.0979,5.2272,5.3457,5.452,5.5447,5.6231,5.6868,5.7355,5.7695,5.7889,5.7942,5.7859,5.7647,5.7314,5.6866,5.6312,5.566,5.4919,5.4097,5.3201,5.224,5.1221,5.0153,4.1937,4.233,4.281,4.3351,4.3934,4.4539,4.5152,4.5761,4.6356,4.693,4.7477,4.7992,4.8472,4.8916,4.9322,4.9691,5.0023,5.0319,5.0579,5.0807,5.1003,5.1169,5.1307,5.142,5.1509,5.1575,5.1622,5.165,5.1661,5.1656,4.1505,4.1898,4.2387,4.2947,4.3559,4.4207,4.4877,4.5554,4.623,4.6894,4.754,4.8161,4.8753,4.9311,4.9831,5.0313,5.0754,5.1152,5.1508,5.1821,5.2091,5.2318,5.2504,5.265,5.2756,5.2823,5.2854,5.285,5.2811,5.274,13.1716650399663,13.3384741390579
2026-07-14,0.00026876971965169,4.03481440760253,-479.831519104066,491.154666196647,4.2061,4.6187,5.3512,4.1112,4.2188,4.3483,4.4917,4.6421,4.7942,4.9433,5.0859,5.2193,5.3412,5.4501,5.5448,5.6247,5.6893,5.7387,5.7728,5.7922,5.7971,5.7883,5.7665,5.7323,5.6866,5.6302,5.564,5.4888,5.4054,5.3147,5.2176,5.1146,5.0067,4.1115,4.1578,4.2122,4.2721,4.3354,4.4006,4.466,4.5306,4.5935,4.6538,4.711,4.7648,4.8148,4.861,4.9031,4.9414,4.9758,5.0063,5.0333,5.0568,5.0771,5.0943,5.1086,5.1203,5.1296,5.1365,5.1414,5.1445,5.1458,5.1455,4.07,4.1164,4.1716,4.2335,4.3001,4.3698,4.4411,4.5129,4.5841,4.6538,4.7213,4.7861,4.8477,4.9056,4.9595,5.0094,5.0549,5.0961,5.1328,5.1651,5.193,5.2165,5.2357,5.2508,5.2619,5.269,5.2724,5.2722,5.2686,5.2616,13.130333006597,13.3076639970455
2026-07-15,0.000821085948171814,3.99052706878775,-529.534850768592,540.885321305205,4.1493,4.5712,5.3505,4.0576,4.162,4.2932,4.4417,4.5996,4.7605,4.9192,5.0715,5.2142,5.3448,5.4615,5.5629,5.6484,5.7175,5.7701,5.8064,5.8266,5.8315,5.8216,5.7978,5.7609,5.7117,5.6513,5.5805,5.5004,5.4117,5.3155,5.2125,5.1038,4.99,4.0613,4.1044,4.1575,4.2176,4.2823,4.3496,4.4178,4.4855,4.5516,4.6153,4.6758,4.7328,4.7859,4.8348,4.8796,4.9201,4.9566,4.989,5.0175,5.0424,5.0638,5.082,5.0971,5.1094,5.1191,5.1264,5.1315,5.1347,5.136,5.1356,4.0208,4.064,4.1179,4.18,4.248,4.32,4.3944,4.4696,4.5445,4.6181,4.6896,4.7582,4.8235,4.885,4.9424,4.9953,5.0437,5.0874,5.1264,5.1606,5.1901,5.215,5.2353,5.2512,5.2628,5.2702,5.2737,5.2734,5.2694,5.262,12.7492774582715,12.9119300804418
2026-07-16,0.00154765062854314,4.01032478164107,-483.791443299614,495.173221349574,4.1739,4.595,5.3656,4.081,4.1867,4.3179,4.4656,4.6222,4.7815,4.9383,5.0888,5.2298,5.3588,5.474,5.5744,5.6589,5.7274,5.7796,5.8157,5.8361,5.8414,5.832,5.8089,5.7729,5.7248,5.6654,5.5959,5.517,5.4296,5.3347,5.2331,5.1257,5.0132,4.0838,4.128,4.1816,4.2418,4.3064,4.3734,4.4412,4.5083,4.5738,4.6369,4.6968,4.7532,4.8057,4.8541,4.8984,4.9385,4.9746,5.0067,5.035,5.0597,5.0809,5.0989,5.1139,5.1262,5.1359,5.1432,5.1483,5.1515,5.1529,5.1526,4.0429,4.0871,4.1416,4.2039,4.2718,4.3435,4.4173,4.4919,4.5662,4.6391,4.7099,4.7778,4.8425,4.9033,4.9601,5.0125,5.0604,5.1037,5.1424,5.1763,5.2057,5.2304,5.2506,5.2665,5.2781,5.2857,5.2893,5.2891,5.2853,5.2781,12.8438296397425,13.0219175549406
2026-07-17,0.0021367467662526,4.03273733981502,-498.84726310492,510.107863875134,4.1828,4.577,5.3203,4.0944,4.1905,4.3127,4.4519,4.6008,4.7532,4.9043,5.0499,5.1871,5.3133,5.4267,5.5261,5.6106,5.6797,5.7332,5.7713,5.7942,5.8024,5.7965,5.7771,5.745,5.701,5.6461,5.5809,5.5064,5.4236,5.3331,5.2359,5.1327,5.0244,4.1024,4.1418,4.1907,4.2466,4.307,4.3702,4.4344,4.4983,4.561,4.6215,4.6793,4.7338,4.7847,4.8319,4.8751,4.9144,4.9499,4.9815,5.0095,5.034,5.0552,5.0733,5.0885,5.101,5.1109,5.1185,5.1241,5.1276,5.1294,5.1297,4.0611,4.1005,4.1503,4.208,4.2716,4.3391,4.4091,4.4802,4.5512,4.6212,4.6894,4.7551,4.8177,4.8769,4.9323,4.9836,5.0307,5.0734,5.1117,5.1455,5.1749,5.1998,5.2205,5.2369,5.2492,5.2575,5.262,5.2628,5.2601,5.2541,13.0148499424644,13.1892173776977
2026-07-20,0.00231871876553227,4.05309457163768,-486.698003248233,498.096483219097,4.2222,4.6315,5.3712,4.1282,4.2335,4.3616,4.5042,4.6547,4.8074,4.9578,5.1021,5.2376,5.362,5.4736,5.5712,5.6542,5.7221,5.7747,5.8122,5.8348,5.8429,5.8373,5.8185,5.7872,5.7443,5.6905,5.6267,5.5538,5.4725,5.3838,5.2883,5.1868,5.0802,4.1305,4.1754,4.2287,4.2877,4.3506,4.4154,4.4807,4.5454,4.6085,4.6691,4.7268,4.7811,4.8318,4.8786,4.9216,4.9605,4.9957,5.0271,5.0548,5.0791,5.1001,5.1181,5.1332,5.1456,5.1556,5.1632,5.1688,5.1725,5.1744,5.1748,4.0886,4.1336,4.1877,4.2488,4.3149,4.3842,4.4555,4.5274,4.5988,4.669,4.7372,4.8027,4.8651,4.924,4.9791,5.03,5.0768,5.1192,5.1572,5.1908,5.22,5.2448,5.2654,5.2818,5.2942,5.3026,5.3073,5.3084,5.3059,5.3002,13.2162125259364,13.3949664736449
2026-07-21,0.00117870227389871,4.09156063842069,-467.770037691031,479.203275240882,4.2731,4.6795,5.3874,4.1754,4.2851,4.4134,4.5534,4.6992,4.846,4.9898,5.1274,5.2564,5.3747,5.481,5.5742,5.6537,5.7189,5.7699,5.8067,5.8295,5.8388,5.835,5.8187,5.7907,5.7516,5.702,5.6429,5.575,5.4989,5.4155,5.3256,5.2297,5.1287,4.1742,4.2226,4.2777,4.3374,4.3999,4.4636,4.5274,4.5901,4.6511,4.7095,4.765,4.8172,4.8659,4.9109,4.9521,4.9896,5.0234,5.0536,5.0804,5.1039,5.1244,5.1419,5.1566,5.1688,5.1787,5.1864,5.1921,5.1959,5.1981,5.1988,4.1314,4.1799,4.2359,4.2976,4.3633,4.4315,4.5011,4.5708,4.6399,4.7076,4.7732,4.8361,4.8961,4.9526,5.0055,5.0545,5.0994,5.1403,5.177,5.2096,5.238,5.2622,5.2825,5.2988,5.3112,5.3199,5.325,5.3267,5.325,5.3201,13.6287191497826,13.8144267253686
2026-07-22,0.000851238601976768,4.13205854220296,-485.432028041249,496.877657963248,4.3178,4.7222,5.415,4.2185,4.3293,4.4574,4.5961,4.7398,4.8839,5.0247,5.1592,5.2849,5.4,5.5031,5.5933,5.6699,5.7325,5.7812,5.8158,5.8368,5.8445,5.8393,5.822,5.7931,5.7532,5.7033,5.6439,5.5758,5.4998,5.4166,5.3269,5.2314,5.1308,4.2168,4.2662,4.3218,4.3815,4.4437,4.5068,4.5698,4.6316,4.6915,4.7488,4.8032,4.8542,4.9017,4.9456,4.9857,5.0222,5.0551,5.0844,5.1104,5.1331,5.1528,5.1696,5.1838,5.1954,5.2048,5.212,5.2173,5.2208,5.2226,5.223,4.1732,4.2227,4.2792,4.3409,4.4063,4.4739,4.5426,4.6113,4.6793,4.7457,4.81,4.8716,4.9301,4.9853,5.0368,5.0845,5.1282,5.1678,5.2034,5.2348,5.2621,5.2854,5.3046,5.3201,5.3317,5.3396,5.344,5.345,5.3428,5.3374,13.7212569149121,13.8989865731575
2026-07-23,0.00141513785952003,4.16942255171373,-446.797900074474,458.236932622798,4.365,4.7703,5.4426,4.2627,4.377,4.5061,4.6441,4.7857,4.9266,5.0634,5.1934,5.3142,5.4244,5.5225,5.6078,5.6797,5.7378,5.7822,5.813,5.8305,5.8349,5.827,5.8071,5.7761,5.7345,5.683,5.6224,5.5534,5.4768,5.3932,5.3033,5.2079,5.1075,4.2591,4.3109,4.368,4.4284,4.4908,4.5536,4.6158,4.6766,4.7353,4.7912,4.8441,4.8936,4.9395,4.9818,5.0204,5.0554,5.0868,5.1147,5.1394,5.1609,5.1794,5.1951,5.2083,5.219,5.2275,5.2339,5.2384,5.2412,5.2424,5.2422,4.2146,4.2665,4.3245,4.387,4.4526,4.5199,4.5878,4.6555,4.722,4.7869,4.8494,4.9091,4.9657,5.0189,5.0684,5.114,5.1557,5.1934,5.227,5.2565,5.2821,5.3036,5.3213,5.3351,5.3452,5.3518,5.3549,5.3547,5.3513,5.3448,13.8112580150204,14.0004701315257
2026-07-24,0.000788681079410229,4.17101858358143,-435.346782556365,446.730372420148,4.3369,4.7292,5.4316,4.2423,4.3436,4.4665,4.603,4.7468,4.8923,5.0352,5.172,5.3,5.4171,5.5215,5.6124,5.6889,5.7506,5.7974,5.8296,5.8472,5.8508,5.841,5.8184,5.7838,5.7378,5.6813,5.6152,5.5402,5.4571,5.3668,5.27,5.1676,5.0601,4.2483,4.2917,4.3428,4.3995,4.4596,4.5215,4.5839,4.6454,4.7053,4.7628,4.8175,4.8688,4.9165,4.9606,5.0008,5.0372,5.0699,5.099,5.1246,5.1469,5.1661,5.1822,5.1957,5.2066,5.2151,5.2214,5.2258,5.2283,5.2291,5.2285,4.204,4.2474,4.2995,4.3581,4.4214,4.4877,4.5558,4.6243,4.6924,4.7591,4.8238,4.8858,4.9447,5.0002,5.0519,5.0995,5.1431,5.1823,5.2173,5.248,5.2744,5.2965,5.3145,5.3285,5.3385,5.3446,5.3472,5.3462,5.3418,5.3342,13.2436753139849,13.4401628636314
2026-07-27,0.002362778856565,4.17605409571111,-453.170264835586,464.419327026752,4.3212,4.6871,5.3793,4.2333,4.3223,4.4355,4.5647,4.7031,4.8449,4.9854,5.1211,5.2489,5.3665,5.4721,5.5646,5.6432,5.7072,5.7566,5.7914,5.8118,5.8182,5.8112,5.7913,5.7594,5.716,5.662,5.5983,5.5255,5.4446,5.3563,5.2614,5.1607,5.0549,4.2469,4.2832,4.3285,4.3802,4.4362,4.4947,4.5543,4.6136,4.6717,4.7279,4.7815,4.8321,4.8794,4.9231,4.9632,4.9997,5.0325,5.0618,5.0877,5.1103,5.1298,5.1463,5.1602,5.1715,5.1804,5.1871,5.1918,5.1948,5.196,5.1957,4.2026,4.239,4.2851,4.3386,4.3975,4.4603,4.5253,4.5913,4.6574,4.7225,4.786,4.8471,4.9054,4.9605,5.012,5.0597,5.1034,5.143,5.1784,5.2096,5.2366,5.2594,5.2781,5.2928,5.3036,5.3106,5.314,5.3138,5.3103,5.3035,13.2334567630689,13.4248528698753
2026-07-28,0.00238926159835905,4.14292269022211,-479.267380099461,490.433931020939,4.2725,4.6359,5.3506,4.189,4.2721,4.3833,4.5135,4.6546,4.8005,4.9458,5.0863,5.2188,5.3406,5.45,5.5455,5.6262,5.6916,5.7416,5.7761,5.7955,5.8002,5.7908,5.768,5.7326,5.6854,5.6272,5.5589,5.4815,5.3957,5.3025,5.2026,5.0969,4.9862,4.2069,4.239,4.2816,4.3319,4.3875,4.4462,4.5065,4.567,4.6264,4.684,4.7391,4.7911,4.8397,4.8847,4.9259,4.9634,4.997,5.027,5.0534,5.0764,5.0962,5.1129,5.1268,5.138,5.1468,5.1533,5.1577,5.1603,5.1611,5.1604,4.1634,4.1955,4.239,4.291,4.3495,4.4125,4.4783,4.5456,4.6131,4.6799,4.745,4.8078,4.8678,4.9244,4.9773,5.0262,5.071,5.1114,5.1475,5.1791,5.2064,5.2293,5.2479,5.2623,5.2726,5.279,5.2817,5.2806,5.2761,5.2683,12.8767934646817,13.0570157637396
2026-07-29,0.00191915547328029,4.07800945872607,-524.067921026916,535.746644686981,4.2615,4.7106,5.5052,4.1612,4.2777,4.4187,4.5749,4.7387,4.9041,5.066,5.2205,5.3645,5.4956,5.6122,5.713,5.7975,5.8651,5.916,5.9502,5.9683,5.9709,5.9585,5.9321,5.8925,5.8407,5.7775,5.7039,5.621,5.5295,5.4304,5.3247,5.2131,5.0966,4.1595,4.2094,4.2683,4.3333,4.4022,4.473,4.544,4.6141,4.6821,4.7472,4.8089,4.8667,4.9203,4.9697,5.0147,5.0553,5.0917,5.124,5.1523,5.1769,5.198,5.2159,5.2306,5.2426,5.2519,5.2589,5.2637,5.2665,5.2676,5.267,4.1171,4.167,4.2269,4.2941,4.3666,4.4424,4.52,4.598,4.6753,4.7509,4.824,4.894,4.9604,5.0227,5.0806,5.134,5.1826,5.2264,5.2653,5.2994,5.3286,5.3531,5.373,5.3883,5.3993,5.4061,5.4089,5.4078,5.403,5.3947,12.8047650459533,12.9703659430866
2026-07-30,0.00180730804516812,4.05646231967123,-479.932052342165,491.703927828943,4.2679,4.7329,5.5084,4.1605,4.2901,4.438,4.5968,4.7601,4.9228,5.0807,5.2306,5.3699,5.4966,5.6094,5.7071,5.7894,5.8558,5.9064,5.9414,5.9612,5.9663,5.9573,5.935,5.9002,5.8537,5.7962,5.7288,5.6523,5.5675,5.4752,5.3763,5.2715,5.1617,4.1488,4.2071,4.272,4.3412,4.4127,4.4849,4.5566,4.6266,4.6941,4.7585,4.8193,4.8762,4.9289,4.9773,5.0215,5.0615,5.0973,5.1292,5.1573,5.1818,5.2029,5.2209,5.2359,5.2482,5.258,5.2655,5.2708,5.2743,5.276,5.2761,4.1067,4.165,4.231,4.3024,4.3776,4.4549,4.5331,4.611,4.6877,4.7624,4.8344,4.9031,4.9682,5.0294,5.0862,5.1387,5.1865,5.2298,5.2684,5.3023,5.3317,5.3565,5.3769,5.393,5.4049,5.4128,5.4169,5.4172,5.414,5.4074,13.2626757543454,13.4427671632968
2026-07-31,0.00333568845488353,4.07984987183707,-453.541782211023,465.498100569302,4.3248,4.8168,5.5861,4.2078,4.3532,4.5117,4.6769,4.8434,5.0068,5.1637,5.3113,5.4473,5.5703,5.6791,5.7728,5.8512,5.914,5.9613,5.9934,6.0107,6.0138,6.0032,5.9798,5.9443,5.8975,5.8401,5.7731,5.6972,5.6133,5.5222,5.4246,5.3213,5.213,4.1863,4.2541,4.3263,4.4012,4.4769,4.5522,4.626,4.6973,4.7656,4.8302,4.8909,4.9474,4.9995,5.0473,5.0907,5.1298,5.1649,5.196,5.2233,5.2471,5.2676,5.285,5.2994,5.3113,5.3207,5.3278,5.3329,5.3361,5.3377,5.3377,4.1434,4.2112,4.2847,4.362,4.4417,4.5223,4.6028,4.6823,4.7598,4.8348,4.9068,4.9751,5.0396,5.0999,5.1558,5.2073,5.2541,5.2963,5.3338,5.3667,5.3951,5.4191,5.4387,5.454,5.4653,5.4726,5.4762,5.4761,5.4726,5.4657,13.5322235142735,13.7200141026744
2026-08-03,0.00177226576141866,4.07742428030986,-505.912292958848,517.737118493449,4.2866,4.7476,5.5236,4.1796,4.3075,4.454,4.6116,4.7741,4.9363,5.0941,5.2443,5.3842,5.5119,5.6258,5.7251,5.809,5.8773,5.93,5.9672,5.9892,5.9967,5.9901,5.9702,5.9378,5.8936,5.8385,5.7733,5.6989,5.6161,5.5258,5.4287,5.3256,5.2173,4.1693,4.2267,4.2907,4.3592,4.43,4.5018,4.573,4.6427,4.7101,4.7744,4.8351,4.892,4.9449,4.9935,5.038,5.0782,5.1144,5.1467,5.1752,5.2001,5.2216,5.24,5.2555,5.2683,5.2785,5.2865,5.2923,5.2962,5.2984,5.2989,4.1267,4.1841,4.2493,4.32,4.3945,4.4713,4.5491,4.6267,4.7032,4.7778,4.8498,4.9187,4.9841,5.0455,5.1028,5.1558,5.2042,5.2481,5.2874,5.3221,5.3522,5.3779,5.3991,5.4161,5.429,5.4378,5.4427,5.444,5.4417,5.436,13.3700436543369,13.5436124134725
2026-08-04,0.00186869911825645,4.04696485676209,-520.913338125677,532.594693144206,4.2205,4.6639,5.4723,4.1234,4.2355,4.3739,4.5291,4.6934,4.8603,5.0247,5.1825,5.3304,5.4659,5.5872,5.6931,5.7827,5.8556,5.9117,5.9512,5.9744,5.9819,5.9744,5.9526,5.9174,5.8697,5.8103,5.7404,5.6607,5.5723,5.4761,5.3729,5.2636,5.149,4.1242,4.1714,4.2282,4.2918,4.3598,4.4301,4.5012,4.5716,4.6402,4.7062,4.7689,4.8279,4.8828,4.9335,4.9798,5.0219,5.0597,5.0934,5.1232,5.1492,5.1716,5.1907,5.2068,5.2199,5.2304,5.2385,5.2444,5.2482,5.2502,5.2505,4.0825,4.1297,4.1874,4.2532,4.3247,4.4001,4.4776,4.556,4.6339,4.7104,4.7847,4.8561,4.9241,4.9881,5.0479,5.1032,5.1539,5.1997,5.2408,5.2769,5.3083,5.335,5.357,5.3744,5.3875,5.3964,5.4011,5.402,5.3991,5.3927,12.8590088424417,13.0295589382248
2026-08-05,0.00144236405064794,4.03288414136078,-513.657571890636,525.322621698126,4.2153,4.6662,5.4686,4.1158,4.2327,4.3742,4.5311,4.6959,4.8624,5.0258,5.1819,5.3278,5.4611,5.5799,5.6833,5.7703,5.8407,5.8943,5.9315,5.9525,5.9579,5.9485,5.925,5.8882,5.8392,5.7787,5.7077,5.6272,5.5382,5.4414,5.3378,5.2283,5.1136,4.1131,4.1632,4.2222,4.2875,4.3567,4.4279,4.4994,4.57,4.6386,4.7044,4.7668,4.8254,4.8798,4.93,4.9758,5.0173,5.0545,5.0876,5.1168,5.1422,5.1641,5.1828,5.1983,5.211,5.2211,5.2287,5.2342,5.2377,5.2393,5.2393,4.0716,4.1217,4.1817,4.2492,4.322,4.3982,4.4762,4.5548,4.6327,4.709,4.7829,4.8537,4.921,4.9843,5.0432,5.0977,5.1474,5.1924,5.2325,5.2677,5.2982,5.324,5.3451,5.3617,5.374,5.382,5.386,5.3862,5.3826,5.3756,12.8676580971966,13.0380372500594
2026-08-06,0.000492380166250941,4.06217749857054,-469.148593645303,480.988339505099,4.2814,4.7413,5.4958,4.172,4.3041,4.4512,4.607,4.7661,4.924,5.0773,5.223,5.3589,5.4832,5.5946,5.6923,5.7756,5.8444,5.8984,5.938,5.9633,5.9748,5.9731,5.9587,5.9323,5.8947,5.8465,5.7885,5.7215,5.6463,5.5636,5.4742,5.3787,5.2779,4.1574,4.2181,4.284,4.3531,4.424,4.4951,4.5653,4.6338,4.6998,4.7628,4.8223,4.878,4.9298,4.9776,5.0214,5.0611,5.097,5.1291,5.1576,5.1826,5.2045,5.2233,5.2392,5.2526,5.2635,5.2722,5.2788,5.2836,5.2866,5.2881,4.1151,4.1758,4.2428,4.3142,4.3887,4.4648,4.5414,4.6176,4.6925,4.7655,4.8359,4.9033,4.9673,5.0276,5.0839,5.1361,5.1841,5.2278,5.2671,5.3021,5.3328,5.3592,5.3815,5.3997,5.4139,5.4243,5.4311,5.4342,5.434,5.4304,13.8401745124304,14.0286140554753
2026-08-07,0.00217791159243501,4.02511776510638,-505.403355827614,517.160026586557,4.2258,4.6938,5.4979,4.1213,4.2474,4.3953,4.5566,4.7241,4.8921,5.0559,5.2118,5.3569,5.489,5.6066,5.7085,5.7942,5.8632,5.9156,5.9516,5.9716,5.9763,5.9662,5.9422,5.9051,5.8559,5.7954,5.7245,5.6443,5.5555,5.4591,5.356,5.247,5.1329,4.1126,4.168,4.2314,4.3001,4.372,4.4453,4.5184,4.5902,4.6596,4.726,4.7888,4.8476,4.9021,4.9522,4.9979,5.0393,5.0764,5.1093,5.1383,5.1636,5.1854,5.2038,5.2192,5.2318,5.2418,5.2494,5.2548,5.2582,5.2598,5.2598,4.0711,4.1266,4.191,4.2621,4.3377,4.4161,4.4959,4.5757,4.6546,4.7315,4.8059,4.8769,4.9443,5.0076,5.0665,5.1207,5.1703,5.215,5.2549,5.2899,5.3201,5.3456,5.3665,5.383,5.3951,5.403,5.4068,5.4069,5.4033,5.3962,12.9658240909093,13.1378531294533
2026-08-10,0.0011699542799229,4.04363446697486,-452.122227993688,464.0891890955,4.285,4.7767,5.5524,4.169,4.3141,4.4724,4.6376,4.8044,4.9685,5.1265,5.2755,5.4134,5.5386,5.65,5.7467,5.8282,5.8944,5.9454,5.9814,6.0026,6.0098,6.0034,5.9841,5.9527,5.91,5.8567,5.7936,5.7215,5.6414,5.5538,5.4596,5.3596,5.2544,4.1469,4.2145,4.2867,4.3614,4.4371,4.5125,4.5865,4.6582,4.7268,4.792,4.8533,4.9104,4.9633,5.0119,5.0562,5.0962,5.1322,5.1643,5.1926,5.2173,5.2388,5.2571,5.2725,5.2853,5.2956,5.3037,5.3096,5.3137,5.3161,5.3169,4.1048,4.1725,4.2458,4.323,4.4026,4.4833,4.564,4.6437,4.7217,4.7972,4.8698,4.939,5.0043,5.0656,5.1227,5.1753,5.2234,5.267,5.3059,5.3404,5.3703,5.3959,5.4171,5.4341,5.4471,5.4561,5.4614,5.463,5.4612,5.4561,13.6769278192795,13.8683553223841
2026-08-11,0.0038477591242838,4.0279599064606,-494.550546286517,506.497572734123,4.2658,4.7581,5.5475,4.1514,4.2944,4.4523,4.6185,4.7873,4.9539,5.1147,5.2666,5.4073,5.5351,5.6488,5.7474,5.8304,5.8978,5.9494,5.9856,6.0067,6.0134,6.0061,5.9856,5.9527,5.9082,5.8529,5.7877,5.7134,5.6308,5.5407,5.444,5.3414,5.2336,4.1311,4.197,4.2682,4.3426,4.4184,4.4942,4.5688,4.6412,4.7108,4.7769,4.8391,4.8971,4.9508,5.0002,5.0452,5.0859,5.1224,5.1549,5.1836,5.2087,5.2304,5.2489,5.2645,5.2773,5.2876,5.2956,5.3016,5.3055,5.3078,5.3085,4.0893,4.1553,4.2277,4.3045,4.3842,4.4653,4.5467,4.6273,4.7062,4.7829,4.8565,4.9268,4.9932,5.0555,5.1134,5.1669,5.2158,5.26,5.2995,5.3343,5.3646,5.3904,5.4117,5.4288,5.4417,5.4506,5.4556,5.4569,5.4547,5.4492,13.4871428981361,13.6626047285489
2026-08-12,0.0031648863433745,4.00655557985776,-469.627695535136,481.628031756606,4.2431,4.7437,5.5536,4.1288,4.2728,4.4332,4.6026,4.7751,4.9458,5.1107,5.2668,5.4115,5.543,5.66,5.7617,5.8474,5.9169,5.9704,6.008,6.0302,6.0375,6.0305,6.01,5.9768,5.9318,5.8757,5.8095,5.7339,5.65,5.5584,5.4601,5.3559,5.2463,4.1081,4.1742,4.246,4.3214,4.3985,4.4757,4.5519,4.6259,4.6971,4.7647,4.8285,4.888,4.9431,4.9937,5.0399,5.0817,5.1192,5.1526,5.1821,5.2079,5.2302,5.2492,5.2653,5.2785,5.2892,5.2975,5.3037,5.3079,5.3103,5.3112,4.0668,4.133,4.206,4.2838,4.3648,4.4475,4.5305,4.6129,4.6937,4.7722,4.8477,4.9197,4.9879,5.0519,5.1114,5.1664,5.2166,5.2621,5.3027,5.3387,5.3699,5.3965,5.4186,5.4363,5.4497,5.4591,5.4645,5.4661,5.4641,5.4587,13.3689241869367,13.5550296405764
2026-08-13,0.00207163390642881,3.97181211957274,-504.383921287488,516.301420697269,4.187,4.6807,5.5164,4.0784,4.2141,4.3708,4.5401,4.715,4.8898,5.0599,5.2217,5.3723,5.5096,5.632,5.7384,5.8282,5.9011,5.9571,5.9965,6.0196,6.0271,6.0196,5.998,5.9631,5.9158,5.857,5.7877,5.7087,5.6211,5.5257,5.4234,5.315,5.2013,4.0635,4.124,4.192,4.2651,4.341,4.4181,4.4947,4.5698,4.6423,4.7115,4.7769,4.8381,4.8949,4.9472,4.9949,5.0381,5.0769,5.1115,5.142,5.1686,5.1916,5.2113,5.2278,5.2415,5.2524,5.2609,5.2672,5.2714,5.2738,5.2745,4.0231,4.0836,4.1527,4.2282,4.308,4.3905,4.474,4.5575,4.6398,4.72,4.7975,4.8716,4.9418,5.0078,5.0693,5.1261,5.1781,5.2251,5.2672,5.3043,5.3366,5.364,5.3868,5.405,5.4187,5.4282,5.4336,5.4351,5.4329,5.427,13.0299578919266,13.2048140932826
2026-08-14,0.00183632505069158,3.9585608330016,-497.92511719727,510.080611942214,4.223,4.7529,5.5705,4.1009,4.2605,4.432,4.609,4.7864,4.96,5.1265,5.2832,5.428,5.5593,5.676,5.7775,5.8632,5.9332,5.9874,6.0262,6.0499,6.0591,6.0545,6.0367,6.0065,5.9647,5.9121,5.8496,5.7779,5.6979,5.6104,5.5161,5.4158,5.3102,4.0692,4.1445,4.2237,4.305,4.3867,4.4677,4.5467,4.623,4.6959,4.765,4.8298,4.8902,4.9461,4.9973,5.044,5.0863,5.1243,5.1582,5.1882,5.2145,5.2373,5.2569,5.2735,5.2873,5.2986,5.3076,5.3144,5.3192,5.3223,5.3238,4.0287,4.1041,4.1846,4.2685,4.3544,4.4409,4.5271,4.6119,4.6947,4.7747,4.8514,4.9245,4.9935,5.0582,5.1184,5.174,5.2249,5.2711,5.3125,5.3492,5.3813,5.4088,5.4319,5.4506,5.4651,5.4757,5.4823,5.4852,5.4846,5.4805,13.7135525337491,13.8889300249411
2026-08-17,0.000780229488295318,3.96828762468262,-489.93431572591,502.243854232534,4.2331,4.7818,5.6381,4.1094,4.2723,4.4493,4.6333,4.8186,5.0003,5.1748,5.339,5.4906,5.6279,5.7497,5.8552,5.9439,6.0157,6.0708,6.1094,6.132,6.1393,6.1319,6.1107,6.0764,6.03,5.9724,5.9043,5.8268,5.7408,5.647,5.5464,5.4398,5.3278,4.0776,4.1538,4.2347,4.3184,4.4029,4.4869,4.5691,4.6486,4.7246,4.7965,4.8641,4.927,4.985,5.0383,5.0867,5.1305,5.1698,5.2047,5.2355,5.2624,5.2857,5.3057,5.3224,5.3363,5.3476,5.3564,5.363,5.3676,5.3704,5.3715,4.037,4.1132,4.1954,4.2818,4.3707,4.4606,4.5502,4.6387,4.7251,4.8086,4.8887,4.965,5.037,5.1044,5.1671,5.2249,5.2777,5.3254,5.3681,5.4058,5.4386,5.4666,5.4899,5.5086,5.5229,5.533,5.539,5.541,5.5394,5.5342,13.3734214372823,13.55307687748
2026-08-18,0.000921174635657702,3.96212815515943,-450.318168795074,462.581737969264,4.2315,4.7702,5.5985,4.1074,4.2705,4.445,4.6247,4.8045,4.9804,5.149,5.3077,5.4543,5.5874,5.7059,5.8091,5.8965,5.9681,6.0238,6.0641,6.0893,6.0999,6.0966,6.08,6.051,6.0104,5.9588,5.8972,5.8264,5.7472,5.6604,5.5667,5.467,5.3619,4.0739,4.1511,4.2319,4.3147,4.3978,4.48,4.5602,4.6376,4.7115,4.7814,4.8471,4.9083,4.9649,5.0168,5.0642,5.1071,5.1457,5.1802,5.2107,5.2375,5.2608,5.2808,5.2978,5.3121,5.3238,5.3331,5.3402,5.3454,5.3489,5.3506,4.0333,4.1106,4.1927,4.2782,4.3655,4.4534,4.5409,4.6269,4.7108,4.7919,4.8697,4.9438,5.0139,5.0796,5.1407,5.1973,5.2491,5.2961,5.3384,5.3759,5.4088,5.4371,5.461,5.4805,5.4957,5.507,5.5143,5.5178,5.5178,5.5144,13.772380564837,13.9680418565862
2026-08-19,0.00457721457460552,3.96540100127653,-458.169215814054,470.099249399192,4.222,4.7076,5.4539,4.1048,4.2539,4.4114,4.5728,4.734,4.8917,5.0431,5.1863,5.3194,5.4412,5.5507,5.6473,5.7305,5.8002,5.8563,5.899,5.9287,5.9455,5.9501,5.943,5.9246,5.8957,5.8569,5.8088,5.7521,5.6874,5.6154,5.5368,5.4522,5.3622,4.0766,4.1478,4.2216,4.2966,4.3717,4.4457,4.518,4.5877,4.6545,4.7178,4.7775,4.8333,4.8851,4.933,4.9769,5.0169,5.0531,5.0857,5.1148,5.1406,5.1633,5.1831,5.2001,5.2146,5.2268,5.2368,5.2448,5.2509,5.2554,5.2584,4.036,4.1072,4.1822,4.2596,4.3384,4.4175,4.4962,4.5736,4.6492,4.7224,4.7928,4.8601,4.9239,4.9841,5.0404,5.0928,5.1412,5.1855,5.2257,5.2617,5.2938,5.3218,5.346,5.3663,5.3829,5.3959,5.4054,5.4115,5.4144,5.4141,14.6351037653255,14.8283510540502
2026-08-20,0.00583397550907776,3.94867083240755,-411.35801642933,423.444994728732,4.2462,4.7656,5.5018,4.1179,4.2871,4.458,4.6272,4.7921,4.9503,5.1001,5.2398,5.3685,5.4852,5.5895,5.6809,5.7593,5.8247,5.8771,5.9169,5.9443,5.9598,5.9638,5.9568,5.9394,5.9121,5.8755,5.8303,5.777,5.7163,5.6486,5.5747,5.4951,5.4103,4.0761,4.1594,4.2426,4.3249,4.4053,4.4831,4.558,4.6294,4.697,4.7606,4.8201,4.8754,4.9265,4.9735,5.0165,5.0556,5.0909,5.1226,5.1509,5.176,5.1981,5.2174,5.234,5.2482,5.2601,5.27,5.2779,5.2841,5.2886,5.2918,4.0355,4.1189,4.2034,4.2883,4.3726,4.4559,4.5373,4.6165,4.693,4.7665,4.8367,4.9033,4.9662,5.0253,5.0804,5.1315,5.1786,5.2216,5.2606,5.2956,5.3267,5.354,5.3775,5.3973,5.4136,5.4264,5.4359,5.4422,5.4455,5.4457,15.3093749301244,15.5184015446491
2026-08-21,0.00323953591451201,3.98585678222013,-402.180018301147,414.383252710435,4.2907,4.8156,5.5459,4.1592,4.3326,4.5059,4.6761,4.8409,4.9983,5.1468,5.2851,5.4122,5.5274,5.6303,5.7207,5.7983,5.8632,5.9156,5.9557,5.9838,6.0003,6.0056,6.0003,5.9848,5.9597,5.9256,5.883,5.8325,5.7747,5.71,5.6392,5.5627,5.4811,4.115,4.201,4.2862,4.3698,4.4511,4.5294,4.6044,4.6758,4.7432,4.8065,4.8656,4.9205,4.9712,5.0179,5.0605,5.0992,5.1343,5.1658,5.194,5.219,5.241,5.2603,5.277,5.2913,5.3034,5.3134,5.3216,5.328,5.3329,5.3363,4.0737,4.1598,4.2463,4.3326,4.4179,4.5016,4.5833,4.6625,4.7388,4.812,4.8818,4.9481,5.0106,5.0692,5.124,5.1748,5.2216,5.2644,5.3034,5.3384,5.3696,5.397,5.4208,5.4409,5.4576,5.471,5.481,5.488,5.4919,5.4929,15.6978252569783,15.9126098659575
2026-08-24,0.00241229247523468,4.00659778424186,-394.599759022135,406.607822023277,4.2866,4.777,5.4803,4.1625,4.3217,4.4828,4.6428,4.799,4.9494,5.0922,5.226,5.3497,5.4624,5.5637,5.6531,5.7304,5.7955,5.8486,5.8897,5.9192,5.9374,5.9446,5.9414,5.9282,5.9055,5.8738,5.8338,5.7858,5.7305,5.6685,5.6002,5.5262,5.447,4.1267,4.205,4.2833,4.3608,4.4367,4.5104,4.5813,4.649,4.7133,4.7739,4.8308,4.8837,4.9328,4.9781,5.0196,5.0574,5.0918,5.1227,5.1504,5.1751,5.1969,5.216,5.2326,5.2469,5.259,5.269,5.2773,5.2838,5.2888,5.2924,4.0851,4.1634,4.243,4.323,4.4027,4.4814,4.5585,4.6337,4.7065,4.7765,4.8436,4.9074,4.9678,5.0247,5.0779,5.1274,5.1732,5.2152,5.2534,5.288,5.3188,5.346,5.3697,5.3899,5.4067,5.4202,5.4306,5.4379,5.4422,5.4437,15.7170300233676,15.9387151116311
2026-08-25,0.00212120063293945,4.00138969524126,-443.65958968977,455.413490581796,4.2311,4.6881,5.4189,4.1208,4.2562,4.4034,4.5568,4.7121,4.8654,5.0137,5.1545,5.286,5.4065,5.515,5.6107,5.693,5.7618,5.817,5.8586,5.8869,5.9023,5.9053,5.8963,5.8761,5.8451,5.804,5.7536,5.6945,5.6273,5.5529,5.4718,5.3847,5.2922,4.1015,4.165,4.2323,4.3019,4.3724,4.4427,4.5118,4.579,4.6435,4.7051,4.7632,4.8177,4.8684,4.9152,4.9582,4.9974,5.0329,5.0648,5.0933,5.1185,5.1406,5.1598,5.1762,5.1902,5.2018,5.2112,5.2187,5.2243,5.2282,5.2306,4.0604,4.1238,4.1922,4.2641,4.3382,4.4133,4.4886,4.5631,4.6362,4.7073,4.7759,4.8416,4.904,4.9629,5.0181,5.0694,5.1167,5.16,5.1992,5.2343,5.2654,5.2925,5.3156,5.335,5.3506,5.3625,5.371,5.376,5.3779,5.3766,14.3441517083674,14.5432505460603
2026-08-26,0.00284404253163309,4.00925578188406,-420.223972936159,432.015517281555,4.2601,4.7254,5.4312,4.1443,4.2886,4.44,4.594,4.7473,4.8968,5.0401,5.1753,5.3008,5.4155,5.5186,5.6093,5.6874,5.7528,5.8053,5.8451,5.8725,5.8879,5.8916,5.8842,5.8662,5.8381,5.8005,5.7541,5.6995,5.6372,5.568,5.4923,5.4108,5.3241,4.1185,4.1878,4.2592,4.3314,4.4033,4.474,4.5429,4.6092,4.6726,4.7327,4.7893,4.8421,4.8912,4.9365,4.9781,5.0159,5.0502,5.081,5.1085,5.1329,5.1543,5.173,5.1891,5.2027,5.2141,5.2235,5.2309,5.2366,5.2407,5.2434,4.077,4.1463,4.2189,4.2934,4.3689,4.4445,4.5194,4.593,4.6648,4.7342,4.801,4.8646,4.925,4.9819,5.0351,5.0845,5.1301,5.1719,5.2097,5.2437,5.2738,5.3001,5.3227,5.3417,5.3571,5.3691,5.3778,5.3832,5.3856,5.385,14.8985663480062,15.1059413984431
2026-08-27,0.00285797793358094,4.01230051399128,-447.948243140365,459.773757419784,4.2731,4.7437,5.4406,4.1546,4.3035,4.4572,4.6121,4.7649,4.9132,5.0547,5.1878,5.3111,5.4236,5.5246,5.6136,5.6902,5.7543,5.8061,5.8456,5.873,5.8888,5.8933,5.887,5.8704,5.844,5.8085,5.7643,5.7121,5.6525,5.586,5.5132,5.4347,5.351,4.1255,4.1978,4.2712,4.3448,4.4176,4.4888,4.5577,4.6239,4.687,4.7467,4.8027,4.8551,4.9036,4.9484,4.9894,5.0268,5.0606,5.0911,5.1183,5.1425,5.1638,5.1823,5.1983,5.212,5.2234,5.2328,5.2404,5.2462,5.2505,5.2534,4.0839,4.1562,4.2308,4.3068,4.3832,4.4593,4.5343,4.6078,4.6792,4.7481,4.8142,4.8772,4.9368,4.993,5.0456,5.0944,5.1394,5.1807,5.2181,5.2518,5.2817,5.3079,5.3304,5.3494,5.365,5.3772,5.3862,5.3921,5.3949,5.3949,15.2184965776245,15.4124924987989
2026-08-28,0.00895017511241773,4.12082366436364,-440.927963386736,452.67245032127,4.3817,4.8103,5.4303,4.2652,4.4047,4.5455,4.6852,4.8217,4.9534,5.0789,5.1971,5.307,5.4079,5.4994,5.581,5.6526,5.714,5.7652,5.8064,5.8376,5.8591,5.8712,5.8741,5.8683,5.8541,5.8318,5.802,5.7651,5.7214,5.6713,5.6155,5.5542,5.4878,4.241,4.3098,4.3785,4.4463,4.5126,4.5769,4.6389,4.6983,4.7547,4.8081,4.8584,4.9054,4.9491,4.9896,5.0269,5.0611,5.0923,5.1206,5.1461,5.169,5.1895,5.2075,5.2234,5.2372,5.249,5.2591,5.2675,5.2744,5.2799,5.284,4.197,4.2659,4.3356,4.4056,4.4752,4.5441,4.6116,4.6775,4.7414,4.8031,4.8623,4.9188,4.9726,5.0234,5.0712,5.1159,5.1575,5.1959,5.2312,5.2633,5.2923,5.3182,5.341,5.3609,5.3778,5.3919,5.4032,5.4118,5.4178,5.4212,16.8507659695382,17.053963870277
2026-08-31,0.00195532132102641,4.11798477156188,-351.710355811209,363.591764569964,4.3821,4.8324,5.4791,4.2621,4.4088,4.5567,4.7034,4.8466,4.9845,5.1156,5.2386,5.3527,5.457,5.5511,5.6346,5.7073,5.769,5.8199,5.86,5.8895,5.9088,5.918,5.9177,5.9081,5.8898,5.8631,5.8285,5.7865,5.7376,5.6822,5.6208,5.5539,5.482,4.2344,4.3067,4.3788,4.45,4.5196,4.5872,4.6522,4.7143,4.7733,4.829,4.8813,4.9301,4.9754,5.0173,5.0557,5.0909,5.1229,5.1518,5.1778,5.201,5.2215,5.2397,5.2555,5.2691,5.2808,5.2906,5.2986,5.3051,5.3102,5.3139,4.1905,4.2629,4.3362,4.4097,4.4828,4.5551,4.6259,4.6949,4.7617,4.8261,4.8878,4.9466,5.0024,5.055,5.1044,5.1504,5.1931,5.2324,5.2682,5.3008,5.3299,5.3558,5.3785,5.398,5.4144,5.4278,5.4383,5.4459,5.4508,5.453,16.3787914951728,16.629880968235
2026-09-01,0.00955437159557461,4.12768928840083,-370.802745288793,382.688938397149,4.4353,4.8999,5.4984,4.3056,4.4679,4.6232,4.7709,4.9103,5.0409,5.1624,5.2746,5.3772,5.4702,5.5535,5.6273,5.6917,5.7467,5.7926,5.8296,5.8579,5.8779,5.8899,5.8941,5.8908,5.8805,5.8634,5.8399,5.8104,5.7751,5.7344,5.6887,5.6383,5.5835,4.2663,4.3489,4.4282,4.5039,4.5759,4.6442,4.7085,4.7691,4.8258,4.8788,4.928,4.9737,5.0159,5.0547,5.0903,5.1229,5.1525,5.1793,5.2035,5.2252,5.2447,5.2619,5.2771,5.2905,5.3021,5.312,5.3205,5.3276,5.3334,5.3381,4.2219,4.3046,4.3851,4.4632,4.5389,4.6118,4.6819,4.749,4.8132,4.8743,4.9324,4.9873,5.039,5.0877,5.1332,5.1756,5.2149,5.2513,5.2846,5.315,5.3425,5.3672,5.3892,5.4085,5.4252,5.4393,5.451,5.4603,5.4674,5.4722,19.1510953446603,19.378156729437
2026-09-02,6.24603730888648,-2.19466414873381,3474.66954075362,-3476.46495719415,4.4662,4.8853,5.4195,4.3194,4.5061,4.6492,4.7707,4.8822,4.9895,5.0948,5.1981,5.2989,5.3959,5.4881,5.5747,5.6549,5.7285,5.7952,5.8553,5.9089,5.9563,5.9981,6.0346,6.0663,6.0937,6.1173,6.1376,6.1549,6.1696,6.1821,6.1927,6.2016,6.2091,4.2378,4.3496,4.4397,4.5159,4.5831,4.6442,4.701,4.7546,4.8055,4.854,4.9001,4.9439,4.9853,5.0244,5.0611,5.0955,5.1276,5.1576,5.1854,5.2112,5.2352,5.2573,5.2778,5.2967,5.3141,5.3303,5.3451,5.3589,5.3716,5.3833,4.1943,4.3059,4.3974,4.4758,4.546,4.611,4.6726,4.7319,4.7893,4.8452,4.8995,4.9522,5.0032,5.0524,5.0997,5.1451,5.1885,5.2299,5.2692,5.3066,5.342,5.3756,5.4073,5.4374,5.4657,5.4925,5.5178,5.5418,5.5644,5.5857,4.06576653959231,4.06685346314356
2026-09-03,5.95855354477294,-2.24487127168201,5753.27626980461,-5754.91216442225,4.53,4.7188,5.5191,4.3928,4.5253,4.55,4.61,4.7274,4.8846,5.0571,5.2254,5.3776,5.508,5.6154,5.7011,5.7679,5.8189,5.8573,5.8857,5.9066,5.9217,5.9326,5.9404,5.9459,5.9498,5.9525,5.9544,5.9557,5.9566,5.9572,5.9576,5.9579,5.9581,4.1717,4.3469,4.4242,4.4717,4.5167,4.5677,4.6251,4.6863,4.7486,4.8095,4.8674,4.9212,4.9707,5.0156,5.0561,5.0925,5.1251,5.1544,5.1807,5.2043,5.2255,5.2446,5.2619,5.2776,5.2919,5.3048,5.3166,5.3274,5.3373,5.3464,4.1305,4.3052,4.3827,4.4308,4.4775,4.5319,4.5946,4.663,4.7342,4.8052,4.8742,4.9396,5.0009,5.0576,5.1097,5.1573,5.2008,5.2405,5.2766,5.3096,5.3398,5.3675,5.3928,5.4162,5.4378,5.4577,5.4762,5.4934,5.5094,5.5243,2.1821097816856,2.1829020098551
2026-09-04,6.09264117297262,-2.13302522971529,3370.88370499538,-3372.65614213967,4.5011,4.8326,5.392,4.3473,4.5352,4.6434,4.7307,4.8216,4.9231,5.0338,5.1494,5.2649,5.376,5.4798,5.5741,5.6582,5.7317,5.7951,5.8491,5.8945,5.9324,5.9637,5.9893,6.0103,6.0272,6.0408,6.0518,6.0605,6.0674,6.0729,6.0773,6.0807,6.0833,4.2204,4.3577,4.4494,4.5177,4.5749,4.6275,4.6783,4.7285,4.778,4.8265,4.8737,4.9189,4.9619,5.0024,5.0402,5.0754,5.108,5.1379,5.1655,5.1908,5.214,5.2352,5.2546,5.2724,5.2887,5.3036,5.3173,5.3298,5.3414,5.352,4.1775,4.3146,4.4073,4.4774,4.537,4.5927,4.6477,4.7032,4.7592,4.8154,4.8711,4.9259,4.979,5.0302,5.0792,5.1256,5.1696,5.2109,5.2498,5.2861,5.3201,5.3519,5.3816,5.4093,5.4351,5.4593,5.482,5.5031,5.523,5.5416,3.13929681765486,3.14057335089988
2026-09-07,NA,NA,NA,NA,NA,NA,NA,NA,NA,NA,NA,NA,NA,NA,NA,NA,NA,NA,NA,NA,NA,NA,NA,NA,NA,NA,NA,NA,NA,NA,NA,NA,NA,NA,NA,NA,NA,NA,NA,NA,NA,NA,NA,NA,NA,NA,NA,NA,NA,NA,NA,NA,NA,NA,NA,NA,NA,NA,NA,NA,NA,NA,NA,NA,NA,NA,NA,NA,NA,NA,NA,NA,NA,NA,NA,NA,NA,NA,NA,NA,NA,NA,NA,NA,NA,NA,NA,NA,NA,NA,NA,NA,NA,NA,NA,NA,NA,NA,NA
2026-09-08,5.90562484691664,-2.23364013011144,2336.19057867696,-2337.51546620902,4.6095,4.7462,5.5264,4.4694,4.596,4.5967,4.6406,4.7513,4.906,5.0765,5.2413,5.3881,5.5116,5.6113,5.6892,5.7487,5.7931,5.8258,5.8495,5.8664,5.8785,5.8869,5.8928,5.8969,5.8997,5.9016,5.9029,5.9038,5.9044,5.9048,5.9051,5.9053,5.9054,4.2083,4.4044,4.4824,4.5253,4.5655,4.6126,4.667,4.7257,4.7855,4.844,4.8994,4.9508,4.9977,5.04,5.0781,5.1122,5.1427,5.17,5.1944,5.2163,5.236,5.2538,5.2698,5.2843,5.2975,5.3095,5.3204,5.3304,5.3396,5.348,4.1666,4.3621,4.4402,4.4834,4.5249,4.5751,4.6345,4.7002,4.7687,4.837,4.903,4.9654,5.0235,5.077,5.1259,5.1704,5.2109,5.2476,5.2811,5.3115,5.3393,5.3647,5.388,5.4094,5.4292,5.4475,5.4644,5.4801,5.4948,5.5085,2.07333776190938,2.07527863410351
2026-09-09,2.22044606425585e-14,3.71290840175322,4.38761758041243,16.2855098934623,4.6542,4.7658,5.5355,4.4911,4.6591,4.665,4.6798,4.7505,4.8745,5.0334,5.2073,5.3797,5.5392,5.6784,5.7933,5.8823,5.9454,5.9835,5.9982,5.9914,5.9651,5.9212,5.8619,5.7889,5.7041,5.609,5.5051,5.3938,5.2763,5.1537,5.0271,4.8974,4.7653,4.2256,4.4351,4.5259,4.5719,4.6071,4.6455,4.6908,4.7427,4.799,4.8571,4.915,4.9708,5.0232,5.0715,5.1152,5.154,5.1879,5.2172,5.2419,5.2624,5.2789,5.2919,5.3016,5.3084,5.3124,5.3141,5.3136,5.3112,5.3071,5.3015,4.1836,4.3925,4.4835,4.5298,4.5659,4.6063,4.6557,4.7137,4.7782,4.8465,4.916,4.9845,5.0503,5.1121,5.1691,5.2205,5.2662,5.3058,5.3394,5.3671,5.389,5.4053,5.4162,5.4221,5.4233,5.4199,5.4123,5.4008,5.3857,5.3672,1.88263341036166,16.3300863512219
2026-09-10,2.22089771124515e-14,3.73243955326917,4.80228286496315,16.4880163104432,4.8227,4.8784,5.6542,4.6495,4.8197,4.8,4.7948,4.8568,4.9803,5.1424,5.32,5.4948,5.6545,5.7913,5.9016,5.9839,6.0387,6.0673,6.0716,6.0538,6.0161,5.9608,5.89,5.8057,5.7097,5.6038,5.4895,5.3682,5.2413,5.1097,4.9747,4.837,4.6976,4.336,4.5736,4.6685,4.7108,4.7412,4.7756,4.8182,4.8685,4.9237,4.981,5.0381,5.0929,5.1442,5.1911,5.2332,5.2702,5.3021,5.3293,5.3518,5.37,5.3843,5.3949,5.4023,5.4068,5.4086,5.408,5.4054,5.4009,5.3947,5.3872,4.292,4.529,4.6239,4.6661,4.6969,4.7331,4.7797,4.8361,4.8997,4.9673,5.0362,5.1039,5.1686,5.229,5.2841,5.3333,5.3763,5.413,5.4433,5.4675,5.4856,5.4981,5.505,5.5067,5.5037,5.496,5.4842,5.4684,5.449,5.4263,1.79890660580395,15.834555094761
2026-09-11,2.23204742289553e-14,3.7836949526971,4.96294972028873,16.3790549135688,4.8862,4.8729,5.6271,4.7219,4.8685,4.8214,4.7962,4.8458,4.9624,5.1209,5.2962,5.4694,5.6273,5.7622,5.8703,5.9502,6.0025,6.0286,6.0303,6.01,5.9699,5.9124,5.8395,5.7532,5.6555,5.548,5.4324,5.3099,5.1819,5.0495,4.9137,4.7755,4.6357,4.4061,4.6405,4.7253,4.757,4.778,4.8047,4.8413,4.8867,4.938,4.9922,5.0465,5.099,5.1482,5.1932,5.2335,5.2689,5.2994,5.3252,5.3464,5.3635,5.3766,5.3862,5.3926,5.3961,5.397,5.3956,5.3922,5.3869,5.38,5.3717,4.3608,4.5943,4.679,4.7101,4.731,4.7591,4.7991,4.8502,4.9095,4.9735,5.0393,5.1042,5.1664,5.2244,5.2773,5.3244,5.3655,5.4003,5.4288,5.4512,5.4677,5.4785,5.4839,5.4842,5.4797,5.4707,5.4576,5.4406,5.42,5.3962,1.7694079691621,15.7185584683718
2026-09-14,2.22521049840554e-14,3.79191743679097,5.0018918290628,16.2848410000061,4.9085,4.889,5.5985,4.7381,4.8946,4.8485,4.8168,4.8562,4.9617,5.11,5.2771,5.4439,5.5973,5.7294,5.8358,5.9151,5.9675,5.9941,5.9969,5.9779,5.9394,5.8834,5.8123,5.7278,5.632,5.5263,5.4125,5.2918,5.1655,5.0348,4.9007,4.764,4.6257,4.4173,4.657,4.7455,4.7782,4.7983,4.8228,4.8564,4.8986,4.9467,4.998,5.0497,5.0999,5.1471,5.1905,5.2294,5.2637,5.2932,5.3182,5.3387,5.3552,5.368,5.3772,5.3833,5.3866,5.3873,5.3858,5.3822,5.3768,5.3699,5.3615,4.3717,4.6107,4.6991,4.7312,4.751,4.7766,4.8132,4.8607,4.9163,4.9769,5.0395,5.1016,5.1613,5.2172,5.2682,5.3138,5.3535,5.3872,5.4149,5.4366,5.4525,5.4629,5.468,5.4681,5.4634,5.4544,5.4413,5.4244,5.404,5.3804,1.79841232890658,15.7814663558917
2026-09-15,2.22056148447373e-14,3.75878789036408,5.16877825148836,16.3593045394092,4.9488,4.9102,5.6227,4.772,4.9345,4.8799,4.84,4.875,4.9794,5.1287,5.2977,5.4665,5.6217,5.755,5.8624,5.9422,5.9947,6.0213,6.0236,6.0041,5.9649,5.9081,5.8361,5.7507,5.6539,5.5472,5.4324,5.3107,5.1834,5.0517,4.9166,4.779,4.6398,4.4262,4.6812,4.7737,4.8063,4.8251,4.8483,4.8811,4.9227,4.9707,5.0219,5.0736,5.124,5.1713,5.2148,5.2538,5.2881,5.3177,5.3427,5.3632,5.3797,5.3924,5.4016,5.4076,5.4108,5.4114,5.4098,5.4061,5.4007,5.3936,5.3852,4.3806,4.6348,4.7271,4.759,4.7774,4.8016,4.8373,4.8842,4.9396,5.0002,5.0629,5.1253,5.1852,5.2413,5.2926,5.3383,5.3781,5.4119,5.4396,5.4613,5.4771,5.4874,5.4924,5.4923,5.4875,5.4782,5.4649,5.4477,5.4271,5.4031,1.7747425650899,15.7546763619407
2026-09-16,2.22044604930627e-14,3.82152409320992,5.28358817768847,16.2477812338502,5.0094,4.9137,5.5974,4.8403,4.9829,4.9065,4.8497,4.8729,4.9694,5.1132,5.278,5.4434,5.5956,5.7261,5.8307,5.9078,5.9577,5.9817,5.9817,5.9598,5.9185,5.8598,5.786,5.699,5.6007,5.4928,5.3768,5.2542,5.1261,4.9938,4.8582,4.7203,4.5809,4.4971,4.747,4.8307,4.8543,4.865,4.8814,4.9085,4.9454,4.9893,5.0371,5.0859,5.1336,5.1786,5.22,5.2571,5.2897,5.3176,5.3411,5.3603,5.3755,5.387,5.3951,5.4001,5.4023,5.4021,5.3996,5.3951,5.3888,5.3811,5.3719,4.4501,4.6991,4.7824,4.8049,4.8148,4.8316,4.8612,4.9029,4.9538,5.0106,5.0699,5.1291,5.1862,5.2397,5.2885,5.3319,5.3696,5.4013,5.4271,5.4469,5.4611,5.4697,5.4731,5.4715,5.4653,5.4547,5.4401,5.4217,5.3999,5.375,1.76208984416825,15.6524059392354
2026-09-17,2.22044604934936e-14,3.85182830488203,5.05750857446482,16.0690402613092,4.9217,4.8281,5.506,4.7678,4.8911,4.8175,4.7651,4.7898,4.8852,5.0269,5.1899,5.3544,5.5069,5.6392,5.7467,5.8278,5.8825,5.9119,5.9179,5.9023,5.8675,5.8154,5.7482,5.6678,5.5759,5.4743,5.3644,5.2477,5.1252,4.9983,4.8678,4.7346,4.5997,4.4641,4.6874,4.7605,4.7798,4.7885,4.8037,4.8296,4.8655,4.9086,4.9557,5.0041,5.0517,5.0968,5.1386,5.1762,5.2095,5.2383,5.2628,5.283,5.2993,5.312,5.3212,5.3274,5.3308,5.3317,5.3303,5.327,5.3219,5.3152,5.3071,4.4175,4.64,4.7127,4.7309,4.7389,4.7545,4.7829,4.8235,4.8734,4.9293,4.988,5.0469,5.104,5.1578,5.2072,5.2516,5.2904,5.3235,5.3509,5.3725,5.3885,5.3991,5.4047,5.4053,5.4013,5.3931,5.3808,5.3649,5.3454,5.3228,1.7918434138992,15.9180052412685
2026-09-18,2.22044900266638e-14,3.81758237984766,5.40945849470044,16.1759612697327,5.0334,4.8935,5.5634,4.8672,4.9998,4.9062,4.8351,4.8489,4.9399,5.081,5.2448,5.4101,5.5627,5.694,5.7996,5.8778,5.9288,5.9541,5.9554,5.9349,5.8949,5.8377,5.7653,5.6798,5.5829,5.4765,5.3619,5.2407,5.114,4.983,4.8487,4.712,4.5737,4.5148,4.7678,4.8476,4.8654,4.8705,4.882,4.9051,4.9389,4.9804,5.0262,5.0735,5.12,5.1642,5.2048,5.2414,5.2736,5.3013,5.3245,5.3436,5.3587,5.3701,5.3782,5.3832,5.3854,5.3852,5.3828,5.3783,5.3722,5.3645,5.3554,4.4674,4.7195,4.7987,4.8152,4.8191,4.8307,4.856,4.8942,4.9424,4.997,5.0546,5.1124,5.1685,5.2211,5.2693,5.3122,5.3496,5.3811,5.4067,5.4265,5.4406,5.4493,5.4529,5.4515,5.4455,5.4352,5.4209,5.4029,5.3814,5.3568,1.74667218997915,15.7015168818802
