observation_date,T5YIE
2026-07-07,2.28
2026-07-08,2.31
2026-07-09,2.28
2026-07-10,2.28
2026-07-13,2.31
2026-07-14,2.28
2026-07-15,2.25
2026-07-16,2.24
2026-07-17,2.27
2026-07-20,2.28
2026-07-21,2.28
2026-07-22,2.30
2026-07-23,2.29
2026-07-24,2.24
2026-07-27,2.18
2026-07-28,2.16
2026-07-29,2.24
2026-07-30,2.24
2026-07-31,2.26
2026-08-03,2.23
2026-08-04,2.19
2026-08-05,2.18
2026-08-06,2.23
2026-08-07,2.22
2026-08-10,2.25
2026-08-11,2.23
2026-08-12,2.24
2026-08-13,2.21
2026-08-14,2.24
2026-08-17,2.25
2026-08-18,2.27
2026-08-19,2.28
2026-08-20,2.34
2026-08-21,2.34
2026-08-24,2.32
2026-08-25,2.31
2026-08-26,2.31
2026-08-27,2.31
2026-08-28,2.30
2026-08-31,2.31
2026-09-01,2.37
2026-09-02,2.35
2026-09-03,2.37
2026-09-04,2.37
2026-09-07,
2026-09-08,2.40
2026-09-09,2.41
2026-09-10,2.46
2026-09-11,2.40
2026-09-14,2.40
2026-09-15,2.41
2026-09-16,2.35
2026-09-17,2.32
2026-09-18,2.31
2026-09-21,2.33
2026-09-22,2.32
2026-09-23,2.34
2026-09-24,2.33
2026-09-25,2.34
2026-09-28,2.33
