observation_date,DGS3MO
2026-07-06,3.87
2026-07-07,3.86
2026-07-08,3.87
2026-07-09,3.83
2026-07-10,3.85
2026-07-13,3.89
2026-07-14,3.84
2026-07-15,3.83
2026-07-16,3.84
2026-07-17,3.85
2026-07-20,3.86
2026-07-21,3.87
2026-07-22,3.89
2026-07-23,3.95
2026-07-24,3.96
2026-07-27,3.96
2026-07-28,3.90
2026-07-29,3.83
2026-07-30,3.82
2026-07-31,3.83
2026-08-03,3.91
2026-08-04,3.89
2026-08-05,3.89
2026-08-06,3.90
2026-08-07,3.87
2026-08-10,3.89
2026-08-11,3.89
2026-08-12,3.87
2026-08-13,3.87
2026-08-14,3.86
2026-08-17,3.87
2026-08-18,3.86
2026-08-19,3.86
2026-08-20,3.87
2026-08-21,3.88
2026-08-24,3.87
2026-08-25,3.86
2026-08-26,3.85
2026-08-27,3.84
2026-08-28,3.90
2026-08-31,3.91
2026-09-01,3.92
2026-09-02,3.92
2026-09-03,3.89
2026-09-04,3.91
2026-09-07,
2026-09-08,3.94
2026-09-09,3.95
2026-09-10,4.00
2026-09-11,4.07
2026-09-14,4.11
2026-09-15,4.11
2026-09-16,4.14
2026-09-17,4.12
2026-09-18,4.14
2026-09-21,4.17
2026-09-22,4.16
2026-09-23,4.19
2026-09-24,4.24
2026-09-25,4.24
