observation_date,DGS5
2026-07-06,4.21
2026-07-07,4.27
2026-07-08,4.31
2026-07-09,4.27
2026-07-10,4.30
2026-07-13,4.37
2026-07-14,4.31
2026-07-15,4.26
2026-07-16,4.28
2026-07-17,4.28
2026-07-20,4.33
2026-07-21,4.37
2026-07-22,4.41
2026-07-23,4.46
2026-07-24,4.43
2026-07-27,4.40
2026-07-28,4.35
2026-07-29,4.37
2026-07-30,4.38
2026-07-31,4.45
2026-08-03,4.40
2026-08-04,4.33
2026-08-05,4.33
2026-08-06,4.40
2026-08-07,4.35
2026-08-10,4.41
2026-08-11,4.39
2026-08-12,4.38
2026-08-13,4.32
2026-08-14,4.36
2026-08-17,4.38
2026-08-18,4.37
2026-08-19,4.35
2026-08-20,4.39
2026-08-21,4.43
2026-08-24,4.41
2026-08-25,4.35
2026-08-26,4.37
2026-08-27,4.38
2026-08-28,4.48
2026-08-31,4.49
2026-09-01,4.55
2026-09-02,4.54
2026-09-03,4.52
2026-09-04,4.54
2026-09-07,
2026-09-08,4.57
2026-09-09,4.61
2026-09-10,4.75
2026-09-11,4.78
2026-09-14,4.80
2026-09-15,4.83
2026-09-16,4.86
2026-09-17,4.78
2026-09-18,4.86
2026-09-21,4.83
2026-09-22,4.83
2026-09-23,4.99
2026-09-24,5.03
2026-09-25,4.98
